product,issue,company,total_complaints,distinct_narratives,exact_duplicate_extra_rows,distinct_states,first_seen,last_seen
Credit reporting or other personal consumer reports,Incorrect information on your report,"EQUIFAX, INC.",267147,143052,124095,59,2023-08-25,2026-03-16
Credit reporting or other personal consumer reports,Incorrect information on your report,"TRANSUNION INTERMEDIATE HOLDINGS, INC.",258507,143138,115369,59,2023-08-25,2026-04-24
Credit reporting or other personal consumer reports,Incorrect information on your report,Experian Information Solutions Inc.,244176,140943,103233,59,2023-08-25,2026-04-14
Credit reporting or other personal consumer reports,Improper use of your report,"EQUIFAX, INC.",152815,79803,73012,59,2023-08-25,2026-03-15
Credit reporting or other personal consumer reports,Improper use of your report,"TRANSUNION INTERMEDIATE HOLDINGS, INC.",152361,81895,70466,60,2023-08-25,2026-04-24
Credit reporting or other personal consumer reports,Improper use of your report,Experian Information Solutions Inc.,131137,77615,53522,60,2023-08-25,2026-04-10
Credit reporting or other personal consumer reports,Problem with a company's investigation into an existing problem,"EQUIFAX, INC.",106774,55702,51072,57,2023-08-25,2026-03-15
Credit reporting or other personal consumer reports,Problem with a company's investigation into an existing problem,Experian Information Solutions Inc.,108209,59251,48958,57,2023-08-25,2026-04-24
Credit reporting or other personal consumer reports,Problem with a company's investigation into an existing problem,"TRANSUNION INTERMEDIATE HOLDINGS, INC.",98673,53635,45038,57,2023-08-25,2026-04-13
"Credit reporting, credit repair services, or other personal consumer reports",Problem with a credit reporting company's investigation into an existing problem,"EQUIFAX, INC.",76726,58633,18093,57,2017-04-24,2023-08-24
"Money transfer, virtual currency, or money service",Other transaction problem,"Block, Inc.",28471,12091,16380,59,2019-02-27,2026-03-15
"Credit reporting, credit repair services, or other personal consumer reports",Incorrect information on your report,"EQUIFAX, INC.",101572,86148,15424,58,2017-04-24,2023-08-25
"Credit reporting, credit repair services, or other personal consumer reports",Problem with a credit reporting company's investigation into an existing problem,"TRANSUNION INTERMEDIATE HOLDINGS, INC.",69190,55598,13592,57,2017-04-24,2023-08-24
"Credit reporting, credit repair services, or other personal consumer reports",Incorrect information on your report,"TRANSUNION INTERMEDIATE HOLDINGS, INC.",96121,82616,13505,59,2017-04-24,2023-08-25
"Credit reporting, credit repair services, or other personal consumer reports",Improper use of your report,"EQUIFAX, INC.",56215,43341,12874,57,2017-04-24,2023-08-25
"Credit reporting, credit repair services, or other personal consumer reports",Incorrect information on your report,Experian Information Solutions Inc.,92084,81287,10797,59,2017-04-24,2023-08-24
"Credit reporting, credit repair services, or other personal consumer reports",Problem with a credit reporting company's investigation into an existing problem,Experian Information Solutions Inc.,64467,53928,10539,57,2017-04-24,2023-08-24
"Credit reporting, credit repair services, or other personal consumer reports",Improper use of your report,"TRANSUNION INTERMEDIATE HOLDINGS, INC.",50308,41666,8642,57,2017-04-24,2023-08-25
"Credit reporting, credit repair services, or other personal consumer reports",Improper use of your report,Experian Information Solutions Inc.,47062,38459,8603,57,2017-04-24,2023-08-25
"Money transfer, virtual currency, or money service",Other transaction problem,"Early Warning Services, LLC",14541,6747,7794,56,2018-02-03,2026-03-15
Debt collection,Written notification about debt,"TRANSUNION INTERMEDIATE HOLDINGS, INC.",9992,2447,7545,49,2017-05-11,2026-04-15
Debt collection,Written notification about debt,"EQUIFAX, INC.",9809,2327,7482,48,2017-05-27,2026-03-13
Debt collection,Written notification about debt,Experian Information Solutions Inc.,9007,2277,6730,51,2017-05-12,2026-03-18
Debt collection,Attempts to collect debt not owed,"TRANSUNION INTERMEDIATE HOLDINGS, INC.",10576,5111,5465,52,2017-05-02,2026-04-14
Debt collection,Attempts to collect debt not owed,"EQUIFAX, INC.",9980,4646,5334,54,2017-04-26,2026-03-15
Debt collection,Attempts to collect debt not owed,Experian Information Solutions Inc.,9423,5101,4322,53,2017-05-02,2026-03-18
Checking or savings account,Problem caused by your funds being low,NAVY FEDERAL CREDIT UNION,7316,3996,3320,54,2017-07-18,2026-04-22
Credit card,Problem with a company's investigation into an existing problem,"TRANSUNION INTERMEDIATE HOLDINGS, INC.",2549,874,1675,42,2023-08-25,2026-03-31
Credit card,Problem with a company's investigation into an existing problem,"EQUIFAX, INC.",2499,860,1639,40,2023-08-25,2026-01-29
Credit card,Problem with a company's investigation into an existing problem,Experian Information Solutions Inc.,2161,787,1374,38,2023-08-25,2026-03-11
Credit reporting or other personal consumer reports,Improper use of your report,"CBC Companies, Inc.",1739,461,1278,47,2023-08-27,2026-03-12
Credit reporting or other personal consumer reports,Unable to get your credit report or credit score,"EQUIFAX, INC.",3491,2304,1187,55,2023-08-25,2026-03-05
Credit card or prepaid card,Problem with a credit reporting company's investigation into an existing problem,"TRANSUNION INTERMEDIATE HOLDINGS, INC.",1391,286,1105,32,2018-03-20,2023-08-24
Credit reporting or other personal consumer reports,Incorrect information on your report,"CBC Companies, Inc.",2742,1662,1080,51,2023-08-25,2026-01-27
Credit card or prepaid card,Problem with a credit reporting company's investigation into an existing problem,"EQUIFAX, INC.",1241,276,965,31,2018-08-11,2023-08-24
Checking or savings account,Managing an account,CAPITAL ONE FINANCIAL CORPORATION,7706,6846,860,55,2017-04-24,2026-03-13
Credit reporting or other personal consumer reports,Problem with fraud alerts or security freezes,"EQUIFAX, INC.",2276,1437,839,53,2023-08-27,2026-02-16
Credit card or prepaid card,Problem with a credit reporting company's investigation into an existing problem,Experian Information Solutions Inc.,1077,252,825,31,2018-02-23,2023-08-24
Credit reporting or other personal consumer reports,Incorrect information on your report,LEXISNEXIS,3714,2909,805,50,2023-08-25,2026-03-03
Debt collection,Attempts to collect debt not owed,ENCORE CAPITAL GROUP INC.,6049,5273,776,54,2017-04-24,2026-03-16
Debt collection,Attempts to collect debt not owed,"Portfolio Recovery Associates, LLC",6523,5777,746,55,2017-04-25,2026-03-15
Debt collection,Attempts to collect debt not owed,CL Holdings LLC,5452,4720,732,54,2017-04-24,2026-03-16
Debt collection,Attempts to collect debt not owed,"CCS Financial Services, Inc.",3750,3201,549,52,2017-04-25,2026-04-24
Credit card,Incorrect information on your report,"TRANSUNION INTERMEDIATE HOLDINGS, INC.",931,468,463,35,2023-08-28,2026-04-06
Credit reporting or other personal consumer reports,Incorrect information on your report,"ID Analytics, Inc.",850,389,461,40,2023-08-27,2025-12-29
Debt collection,Attempts to collect debt not owed,Resurgent Capital Services L.P.,7575,7122,453,53,2017-04-24,2026-03-15
Credit card,Incorrect information on your report,Experian Information Solutions Inc.,1116,672,444,38,2023-08-30,2026-03-18
Credit reporting or other personal consumer reports,Credit monitoring or identity theft protection services,"TRANSUNION INTERMEDIATE HOLDINGS, INC.",1715,1277,438,50,2023-08-25,2026-04-09
Credit card,Incorrect information on your report,"EQUIFAX, INC.",1093,655,438,40,2023-10-04,2026-03-10
Credit reporting or other personal consumer reports,Problem with fraud alerts or security freezes,"CBC Companies, Inc.",616,182,434,40,2024-01-09,2026-01-20
Credit reporting or other personal consumer reports,Credit monitoring or identity theft protection services,Experian Information Solutions Inc.,2075,1647,428,52,2023-08-25,2026-03-18
Credit reporting or other personal consumer reports,Problem with fraud alerts or security freezes,LEXISNEXIS,630,202,428,42,2023-10-26,2026-02-18
Credit reporting or other personal consumer reports,Credit monitoring or identity theft protection services,"EQUIFAX, INC.",1532,1147,385,51,2023-08-25,2026-03-13
Debt collection,Attempts to collect debt not owed,"I.C. System, Inc.",3657,3284,373,54,2017-04-25,2026-04-24
Credit reporting or other personal consumer reports,Improper use of your report,LEXISNEXIS,1433,1061,372,48,2023-08-25,2026-03-03
"Money transfer, virtual currency, or money service",Other service problem,"Block, Inc.",901,565,336,48,2020-02-15,2026-02-21
Credit reporting or other personal consumer reports,Problem with fraud alerts or security freezes,"TRANSUNION INTERMEDIATE HOLDINGS, INC.",1565,1244,321,52,2023-08-30,2026-01-22
Debt collection,Attempts to collect debt not owed,"Kriya Capital, LLC",2557,2268,289,53,2017-04-26,2026-03-16
"Money transfer, virtual currency, or money service","Managing, opening, or closing your mobile wallet account","Paypal Holdings, Inc",3287,3002,285,57,2017-04-24,2026-03-16
Credit reporting or other personal consumer reports,Problem with a company's investigation into an existing problem,LEXISNEXIS,1018,736,282,47,2023-08-28,2025-12-29
"Credit reporting, credit repair services, or other personal consumer reports",Problem with a credit reporting company's investigation into an existing problem,CAPITAL ONE FINANCIAL CORPORATION,2457,2189,268,48,2017-04-25,2023-08-24
Credit card,Getting a credit card,"TRANSUNION INTERMEDIATE HOLDINGS, INC.",593,361,232,41,2023-09-16,2026-04-11
Credit card or prepaid card,Problem with a credit reporting company's investigation into an existing problem,CAPITAL ONE FINANCIAL CORPORATION,598,375,223,40,2017-04-29,2023-08-14
Credit reporting or other personal consumer reports,Unable to get your credit report or credit score,Experian Information Solutions Inc.,2269,2048,221,54,2023-08-25,2026-02-21
Debt collection,Attempts to collect debt not owed,"CAINE & WEINER COMPANY, INC.",1493,1279,214,48,2017-05-27,2026-03-13
Debt collection,Attempts to collect debt not owed,"National Credit Systems,Inc.",2733,2535,198,49,2017-04-27,2026-03-16
Credit reporting,Credit reporting company's investigation,Experian Information Solutions Inc.,1919,1721,198,50,2015-03-20,2017-04-21
Debt collection,Attempts to collect debt not owed,"Spring Oaks Capital, LLC",1127,940,187,46,2020-09-14,2026-03-13
Debt collection,Written notification about debt,"Portfolio Recovery Associates, LLC",2747,2561,186,52,2017-04-27,2026-03-16
"Credit reporting, credit repair services, or other personal consumer reports",Unable to get your credit report or credit score,"EQUIFAX, INC.",4247,4087,160,56,2017-04-25,2023-08-24
Credit card,Getting a credit card,"EQUIFAX, INC.",427,268,159,38,2023-09-16,2026-03-12
Credit reporting or other personal consumer reports,Problem with fraud alerts or security freezes,Experian Information Solutions Inc.,1752,1603,149,52,2023-08-25,2026-01-14
Credit reporting or other personal consumer reports,Unable to get your credit report or credit score,"TRANSUNION INTERMEDIATE HOLDINGS, INC.",1777,1629,148,52,2023-08-25,2025-12-29
Debt collection,Attempts to collect debt not owed,"National Credit Adjusters, LLC",1254,1109,145,45,2017-05-12,2026-03-12
Credit card,Getting a credit card,Experian Information Solutions Inc.,510,369,141,40,2023-08-26,2026-03-16
Debt collection,Written notification about debt,Resurgent Capital Services L.P.,3015,2888,127,52,2017-04-25,2026-03-16
"Credit reporting, credit repair services, or other personal consumer reports",Improper use of your report,CAPITAL ONE FINANCIAL CORPORATION,3132,3008,124,52,2017-04-28,2023-08-25
Credit reporting or other personal consumer reports,Problem with a company's investigation into an existing problem,"Bread Financial Holdings, Inc.",641,519,122,47,2023-08-25,2025-12-23
Credit reporting or other personal consumer reports,Problem with a company's investigation into an existing problem,WELLS FARGO & COMPANY,609,489,120,39,2023-08-25,2026-02-20
"Credit reporting, credit repair services, or other personal consumer reports",Problem with fraud alerts or security freezes,"EQUIFAX, INC.",2476,2359,117,58,2017-04-28,2023-08-24
"Credit reporting, credit repair services, or other personal consumer reports",Problem with fraud alerts or security freezes,"TRANSUNION INTERMEDIATE HOLDINGS, INC.",1422,1306,116,54,2017-04-27,2023-08-24
Debt collection,Written notification about debt,ENCORE CAPITAL GROUP INC.,2439,2329,110,50,2017-04-26,2026-03-15
"Credit reporting, credit repair services, or other personal consumer reports",Problem with a credit reporting company's investigation into an existing problem,WELLS FARGO & COMPANY,1060,951,109,47,2017-04-24,2023-08-24
Credit card or prepaid card,Problem with a credit reporting company's investigation into an existing problem,"Bread Financial Holdings, Inc.",246,138,108,31,2017-05-23,2023-08-22
Credit reporting or other personal consumer reports,Improper use of your report,CAPITAL ONE FINANCIAL CORPORATION,3354,3248,106,53,2023-08-25,2026-01-28
"Credit reporting, credit repair services, or other personal consumer reports",Unable to get your credit report or credit score,Experian Information Solutions Inc.,2578,2472,106,54,2017-04-25,2023-08-24
"Credit reporting, credit repair services, or other personal consumer reports",Problem with fraud alerts or security freezes,Experian Information Solutions Inc.,2342,2236,106,54,2017-04-27,2023-08-24
"Credit reporting, credit repair services, or other personal consumer reports",Unable to get your credit report or credit score,"TRANSUNION INTERMEDIATE HOLDINGS, INC.",2331,2226,105,52,2017-04-25,2023-08-24
Credit reporting,Incorrect information on credit report,"EQUIFAX, INC.",7630,7527,103,56,2015-03-19,2017-04-21
"Credit reporting, credit repair services, or other personal consumer reports",Problem with a credit reporting company's investigation into an existing problem,"Bread Financial Holdings, Inc.",884,781,103,48,2017-04-27,2023-08-24
"Credit reporting, credit repair services, or other personal consumer reports",Incorrect information on your report,CAPITAL ONE FINANCIAL CORPORATION,4496,4397,99,52,2017-04-24,2023-08-24
Credit reporting or other personal consumer reports,Problem with a company's investigation into an existing problem,CAPITAL ONE FINANCIAL CORPORATION,1409,1315,94,46,2023-08-25,2026-02-08
"Credit reporting, credit repair services, or other personal consumer reports",Problem with a credit reporting company's investigation into an existing problem,"CITIBANK, N.A.",1110,1016,94,47,2017-04-24,2023-08-18
Credit reporting or other personal consumer reports,Problem with a company's investigation into an existing problem,SYNCHRONY FINANCIAL,563,472,91,43,2023-08-26,2026-01-30
Credit reporting or other personal consumer reports,Improper use of your report,"CITIBANK, N.A.",1046,956,90,46,2023-08-25,2026-02-09
Debt collection,Attempts to collect debt not owed,TRANSWORLD SYSTEMS INC,2945,2856,89,54,2017-04-25,2026-03-12
Debt collection,Attempts to collect debt not owed,ERC,1941,1852,89,52,2017-04-24,2023-11-15
Credit reporting,Credit reporting company's investigation,"EQUIFAX, INC.",2102,2015,87,49,2015-03-19,2017-04-21
"Credit reporting, credit repair services, or other personal consumer reports",Problem with a credit reporting company's investigation into an existing problem,"BANK OF AMERICA, NATIONAL ASSOCIATION",957,871,86,45,2017-04-24,2023-08-23
Debt collection,Attempts to collect debt not owed,WELLS FARGO & COMPANY,983,898,85,49,2017-04-25,2026-04-24
Credit reporting,Incorrect information on credit report,Experian Information Solutions Inc.,5765,5682,83,53,2015-03-19,2017-04-21
"Credit reporting, credit repair services, or other personal consumer reports",Problem with a credit reporting company's investigation into an existing problem,SYNCHRONY FINANCIAL,892,809,83,48,2017-04-27,2023-08-23
Credit reporting or other personal consumer reports,Problem with a company's investigation into an existing problem,"BANK OF AMERICA, NATIONAL ASSOCIATION",622,539,83,43,2023-08-25,2025-12-29
Debt collection,Attempts to collect debt not owed,CAPITAL ONE FINANCIAL CORPORATION,2985,2903,82,51,2017-04-24,2026-03-15
"Credit reporting, credit repair services, or other personal consumer reports",Improper use of your report,LEXISNEXIS,765,683,82,41,2017-05-11,2023-08-24
"Credit reporting, credit repair services, or other personal consumer reports",Problem with a credit reporting company's investigation into an existing problem,JPMORGAN CHASE & CO.,920,840,80,46,2017-04-27,2023-08-24
Credit reporting or other personal consumer reports,Improper use of your report,JPMORGAN CHASE & CO.,1384,1305,79,53,2023-08-25,2026-01-19
Credit reporting or other personal consumer reports,Problem with a company's investigation into an existing problem,AMERICAN EXPRESS COMPANY,426,349,77,37,2023-08-25,2026-02-09
Credit card or prepaid card,Problem when making payments,CAPITAL ONE FINANCIAL CORPORATION,1612,1537,75,54,2017-04-24,2023-08-24
Debt collection,Attempts to collect debt not owed,"Bread Financial Holdings, Inc.",1436,1361,75,50,2017-04-25,2026-03-11
"Money transfer, virtual currency, or money service",Other transaction problem,Chime Financial Inc,575,500,75,38,2020-11-24,2026-03-11
Debt collection,Attempts to collect debt not owed,NCB Management Services Inc.,715,643,72,44,2017-05-05,2026-03-12
Credit card,"Advertising and marketing, including promotional offers","EQUIFAX, INC.",84,12,72,28,2023-08-29,2026-03-02
Credit reporting,Incorrect information on credit report,"TRANSUNION INTERMEDIATE HOLDINGS, INC.",6427,6357,70,55,2015-03-19,2017-04-21
Credit reporting or other personal consumer reports,Improper use of your report,"BANK OF AMERICA, NATIONAL ASSOCIATION",839,769,70,45,2023-08-25,2025-12-23
Debt collection,Attempts to collect debt not owed,"CITIBANK, N.A.",1628,1559,69,51,2017-04-24,2026-04-24
"Money transfer, virtual currency, or money service",Other service problem,"Early Warning Services, LLC",301,232,69,33,2018-04-02,2026-02-22
"Credit reporting, credit repair services, or other personal consumer reports",Incorrect information on your report,"BANK OF AMERICA, NATIONAL ASSOCIATION",1851,1783,68,50,2017-04-28,2023-08-22
"Credit reporting, credit repair services, or other personal consumer reports",Problem with a credit reporting company's investigation into an existing problem,DISCOVER BANK,690,622,68,42,2017-05-04,2023-08-24
Credit card,"Advertising and marketing, including promotional offers","TRANSUNION INTERMEDIATE HOLDINGS, INC.",77,9,68,27,2024-03-13,2025-11-16
Credit reporting or other personal consumer reports,Improper use of your report,SYNCHRONY FINANCIAL,1115,1050,65,47,2023-08-27,2026-03-23
Debt collection,Written notification about debt,CAPITAL ONE FINANCIAL CORPORATION,987,922,65,47,2017-04-25,2026-03-04
Credit card,"Advertising and marketing, including promotional offers",Experian Information Solutions Inc.,81,16,65,29,2023-10-30,2026-01-12
Debt collection,Attempts to collect debt not owed,SYNCHRONY FINANCIAL,1889,1827,62,54,2017-04-25,2026-04-23
Debt collection,Attempts to collect debt not owed,"BANK OF AMERICA, NATIONAL ASSOCIATION",1015,953,62,49,2017-04-26,2026-04-22
Debt collection,Attempts to collect debt not owed,"Aldous & Associates, PLLC",749,688,61,44,2017-09-11,2026-03-12
Credit reporting or other personal consumer reports,Problem with a company's investigation into an existing problem,DISCOVER BANK,659,598,61,43,2023-08-29,2025-12-27
Credit reporting or other personal consumer reports,Problem with a company's investigation into an existing problem,JPMORGAN CHASE & CO.,553,492,61,42,2023-08-26,2025-12-29
Credit reporting,Credit reporting company's investigation,"TRANSUNION INTERMEDIATE HOLDINGS, INC.",1467,1407,60,50,2015-03-20,2017-04-21
Credit reporting or other personal consumer reports,Improper use of your report,AMERICAN EXPRESS COMPANY,591,531,60,41,2023-08-27,2026-01-22
"Credit reporting, credit repair services, or other personal consumer reports",Incorrect information on your report,JPMORGAN CHASE & CO.,1944,1885,59,51,2017-04-26,2023-08-24
Credit reporting or other personal consumer reports,Improper use of your report,WELLS FARGO & COMPANY,766,707,59,46,2023-08-26,2025-12-29
"Credit reporting, credit repair services, or other personal consumer reports",Problem with a credit reporting company's investigation into an existing problem,AMERICAN EXPRESS COMPANY,412,353,59,38,2017-05-03,2023-08-23
Credit reporting or other personal consumer reports,Problem with a company's investigation into an existing problem,"CITIBANK, N.A.",687,631,56,44,2023-08-25,2026-02-25
Debt collection,Written notification about debt,"CCS Financial Services, Inc.",1187,1132,55,48,2017-04-25,2026-04-21
Debt collection,Attempts to collect debt not owed,"SUNRISE CREDIT SERVICES, INC",1064,1009,55,46,2017-05-30,2026-04-24
Debt collection,Attempts to collect debt not owed,"HW Holding, Inc",1175,1121,54,45,2017-04-24,2026-03-12
Debt collection,Took or threatened to take negative or legal action,ENCORE CAPITAL GROUP INC.,2273,2220,53,52,2017-04-24,2026-03-16
"Credit reporting, credit repair services, or other personal consumer reports",Problem with a credit reporting company's investigation into an existing problem,"Portfolio Recovery Associates, LLC",646,593,53,42,2017-05-01,2023-08-22
Debt collection,Attempts to collect debt not owed,"Harris & Harris, Ltd.",619,566,53,43,2017-04-30,2026-04-23
"Credit reporting, credit repair services, or other personal consumer reports",Incorrect information on your report,"CITIBANK, N.A.",2077,2025,52,52,2017-04-24,2023-08-24
Student loan,Problem with a credit reporting company's investigation into an existing problem,"Nelnet, Inc.",193,142,51,29,2017-05-31,2023-08-23
Debt collection,Attempts to collect debt not owed,V and H Portfolio,464,414,50,40,2017-05-01,2026-03-12
Debt collection,Written notification about debt,CL Holdings LLC,1877,1829,48,54,2017-05-24,2026-03-16
"Money transfer, virtual currency, or money service",Fraud or scam,"Early Warning Services, LLC",1842,1795,47,49,2017-10-12,2026-03-16
Credit card or prepaid card,Problem with a credit reporting company's investigation into an existing problem,"CITIBANK, N.A.",231,184,47,29,2017-05-02,2023-08-23
"Credit reporting, credit repair services, or other personal consumer reports",Incorrect information on your report,WELLS FARGO & COMPANY,1848,1802,46,52,2017-04-24,2023-08-24
Debt collection,Took or threatened to take negative or legal action,Resurgent Capital Services L.P.,1654,1608,46,50,2017-04-27,2026-03-15
Credit reporting or other personal consumer reports,Incorrect information on your report,"CITIBANK, N.A.",1332,1286,46,49,2023-08-25,2026-03-31
Credit reporting or other personal consumer reports,Problem with a company's investigation into an existing problem,NAVY FEDERAL CREDIT UNION,439,393,46,41,2023-08-25,2026-01-12
Credit reporting or other personal consumer reports,Incorrect information on your report,CAPITAL ONE FINANCIAL CORPORATION,3586,3541,45,52,2023-08-25,2026-03-01
Debt collection,Took or threatened to take negative or legal action,"Portfolio Recovery Associates, LLC",1423,1379,44,50,2017-04-26,2026-03-15
Debt collection,Attempts to collect debt not owed,JPMORGAN CHASE & CO.,984,940,44,45,2017-04-24,2026-03-12
Debt collection,Took or threatened to take negative or legal action,CL Holdings LLC,803,759,44,49,2017-04-29,2026-03-12
"Credit reporting, credit repair services, or other personal consumer reports",Problem with a credit reporting company's investigation into an existing problem,TD BANK US HOLDING COMPANY,425,381,44,41,2017-06-02,2023-08-24
"Credit reporting, credit repair services, or other personal consumer reports",Problem with a credit reporting company's investigation into an existing problem,LEXISNEXIS,997,954,43,43,2017-04-29,2023-08-23
"Credit reporting, credit repair services, or other personal consumer reports",Problem with a credit reporting company's investigation into an existing problem,Resurgent Capital Services L.P.,556,513,43,42,2017-05-03,2023-08-24
Debt collection,False statements or representation,Resurgent Capital Services L.P.,2438,2396,42,50,2015-03-31,2026-03-16
"Credit reporting, credit repair services, or other personal consumer reports",Improper use of your report,JPMORGAN CHASE & CO.,1139,1098,41,47,2017-04-28,2023-08-23
Credit reporting or other personal consumer reports,Improper use of your report,DISCOVER BANK,818,778,40,42,2023-08-25,2025-12-29
"Credit reporting, credit repair services, or other personal consumer reports",Problem with a credit reporting company's investigation into an existing problem,Santander Consumer USA Holdings Inc.,479,439,40,38,2017-04-30,2022-09-05
"Credit reporting, credit repair services, or other personal consumer reports",Incorrect information on your report,"Portfolio Recovery Associates, LLC",1008,969,39,48,2017-04-26,2023-08-24
"Credit reporting, credit repair services, or other personal consumer reports",Problem with a credit reporting company's investigation into an existing problem,NAVY FEDERAL CREDIT UNION,342,303,39,35,2017-04-28,2023-08-19
"Credit reporting, credit repair services, or other personal consumer reports",Incorrect information on your report,AMERICAN EXPRESS COMPANY,901,863,38,45,2017-05-06,2023-08-24
"Credit reporting, credit repair services, or other personal consumer reports",Incorrect information on your report,"Nelnet, Inc.",785,747,38,47,2017-04-24,2023-08-24
"Credit reporting, credit repair services, or other personal consumer reports",Problem with a company's investigation into an existing issue,"EQUIFAX, INC.",210,172,38,40,2017-04-24,2023-08-03
"Credit reporting, credit repair services, or other personal consumer reports",Improper use of your report,"CITIBANK, N.A.",994,957,37,46,2017-04-26,2023-08-24
"Credit reporting, credit repair services, or other personal consumer reports",Problem with a company's investigation into an existing issue,"TRANSUNION INTERMEDIATE HOLDINGS, INC.",140,103,37,34,2017-05-09,2023-08-09
Debt collection,Attempts to collect debt not owed,Radius Global Solutions LLC,1266,1230,36,45,2017-04-25,2026-04-24
Credit reporting or other personal consumer reports,Incorrect information on your report,"Fidelity National Information Services, Inc. (FNIS)",1035,999,36,42,2023-08-26,2025-12-28
"Credit reporting, credit repair services, or other personal consumer reports",Incorrect information on your report,"ID Analytics, Inc.",562,526,36,43,2017-06-09,2023-08-21
"Credit reporting, credit repair services, or other personal consumer reports",Problem with a credit reporting company's investigation into an existing problem,ALLY FINANCIAL INC.,442,406,36,41,2017-05-13,2023-08-23
Debt collection,Attempts to collect debt not owed,Receivables Management Corporation,73,37,36,8,2017-09-20,2026-01-29
Debt collection,Attempts to collect debt not owed,"Convergent Resources, Inc.",1771,1736,35,52,2017-04-24,2026-01-28
"Credit reporting, credit repair services, or other personal consumer reports",Incorrect information on your report,"Bread Financial Holdings, Inc.",1535,1500,35,50,2017-04-24,2023-08-23
"Credit reporting, credit repair services, or other personal consumer reports",Improper use of your report,SYNCHRONY FINANCIAL,1395,1360,35,51,2017-04-25,2023-08-23
Debt collection,Written notification about debt,ERC,649,614,35,44,2017-04-25,2023-11-01
"Credit reporting, credit repair services, or other personal consumer reports",Problem with a company's investigation into an existing issue,Experian Information Solutions Inc.,194,159,35,36,2017-04-26,2023-08-21
Credit reporting or other personal consumer reports,Incorrect information on your report,Advanced Resolution Services Inc.,469,435,34,40,2023-09-23,2025-10-19
Credit reporting,Improper use of my credit report,"TRANSUNION INTERMEDIATE HOLDINGS, INC.",430,396,34,45,2015-03-19,2017-04-19
Debt collection,Attempts to collect debt not owed,DISCOVER BANK,946,913,33,48,2017-04-29,2026-03-10
Debt collection,Attempts to collect debt not owed,"Security Credit Services, LLC",506,473,33,43,2017-05-10,2026-03-12
Credit reporting or other personal consumer reports,Problem with a company's investigation into an existing problem,Self Financial Inc.,338,305,33,36,2023-09-09,2025-12-04
Credit reporting or other personal consumer reports,Incorrect information on your report,SYNCHRONY FINANCIAL,1156,1124,32,50,2023-08-27,2026-03-05
Credit reporting or other personal consumer reports,Improper use of your report,ALLY FINANCIAL INC.,825,793,32,45,2023-08-25,2025-12-29
Credit reporting,Improper use of my credit report,Experian Information Solutions Inc.,446,414,32,42,2015-03-19,2017-04-20
Credit reporting or other personal consumer reports,Improper use of your report,"CLGF Holdco 1, LLC",382,350,32,44,2023-08-26,2025-12-25
"Credit reporting, credit repair services, or other personal consumer reports",Incorrect information on your report,LEXISNEXIS,1791,1760,31,49,2017-04-26,2023-08-24
"Credit reporting, credit repair services, or other personal consumer reports",Incorrect information on your report,DISCOVER BANK,1333,1302,31,49,2017-04-24,2023-08-24
"Credit reporting, credit repair services, or other personal consumer reports",Problem with a credit reporting company's investigation into an existing problem,ENCORE CAPITAL GROUP INC.,439,408,31,38,2017-06-01,2023-08-22
Debt collection,Attempts to collect debt not owed,"Bull City Financial Solutions, Inc",344,313,31,28,2017-05-23,2026-03-11
"Credit reporting, credit repair services, or other personal consumer reports",Credit monitoring or identity theft protection services,"EQUIFAX, INC.",1173,1143,30,51,2017-05-01,2023-08-24
Debt collection,Attempts to collect debt not owed,"FAIR COLLECTIONS & OUTSOURCING, INC.",938,908,30,45,2017-05-04,2026-04-24
Credit card or prepaid card,Problem with a credit reporting company's investigation into an existing problem,SYNCHRONY FINANCIAL,147,117,30,34,2017-06-21,2023-08-03
Credit reporting or other personal consumer reports,Incorrect information on your report,"BANK OF AMERICA, NATIONAL ASSOCIATION",1100,1071,29,46,2023-08-27,2026-04-22
Credit reporting or other personal consumer reports,Improper use of your report,NAVY FEDERAL CREDIT UNION,794,765,29,40,2023-08-27,2025-12-27
Debt collection,Attempts to collect debt not owed,AMERICAN EXPRESS COMPANY,653,624,29,43,2017-04-28,2026-03-05
Debt collection,Written notification about debt,"CAINE & WEINER COMPANY, INC.",597,568,29,43,2017-05-05,2026-03-15
Credit reporting or other personal consumer reports,Incorrect information on your report,Resurgent Capital Services L.P.,1753,1725,28,46,2023-08-25,2026-01-09
Credit reporting,Improper use of my credit report,"EQUIFAX, INC.",482,454,28,42,2015-03-23,2017-04-20
Vehicle loan or lease,Problem with a credit reporting company's investigation into an existing problem,TOYOTA MOTOR CREDIT CORPORATION,81,53,28,16,2017-05-25,2023-06-14
Debt collection,False statements or representation,"Portfolio Recovery Associates, LLC",1849,1822,27,50,2015-04-09,2026-03-15
Debt collection,Attempts to collect debt not owed,"ProCollect, Inc.",886,859,27,42,2017-04-27,2026-04-22
Credit reporting or other personal consumer reports,Problem with a company's investigation into an existing problem,"Affirm Holdings, Inc",404,377,27,38,2023-08-25,2025-12-29
Credit reporting or other personal consumer reports,Problem with a company's investigation into an existing problem,"SANTANDER HOLDINGS USA, INC.",285,258,27,34,2023-08-30,2025-12-26
Debt collection,Attempts to collect debt not owed,"Southwest Credit Systems, L.P.",1214,1188,26,49,2017-04-25,2026-03-11
Debt collection,Written notification about debt,"I.C. System, Inc.",1130,1104,26,48,2017-04-27,2026-04-23
Credit reporting or other personal consumer reports,Incorrect information on your report,"Bread Financial Holdings, Inc.",1012,986,26,45,2023-08-30,2026-01-09
Debt collection,False statements or representation,Experian Information Solutions Inc.,838,812,26,40,2017-02-09,2026-03-17
Debt collection,Attempts to collect debt not owed,"Ability Recovery Services, LLC",627,601,26,40,2017-04-25,2026-04-24
Debt collection,False statements or representation,ENCORE CAPITAL GROUP INC.,1929,1904,25,51,2015-03-21,2026-03-16
"Credit reporting, credit repair services, or other personal consumer reports",Improper use of your report,"BANK OF AMERICA, NATIONAL ASSOCIATION",672,647,25,43,2017-04-25,2023-08-25
Debt collection,Written notification about debt,SYNCHRONY FINANCIAL,642,617,25,50,2017-05-02,2026-04-20
Debt collection,Attempts to collect debt not owed,"Eastern Account Systems of Connecticut, Inc.",531,506,25,42,2017-05-25,2026-04-23
Debt collection,Written notification about debt,"Southwest Credit Systems, L.P.",501,476,25,42,2017-04-24,2026-03-08
"Credit reporting, credit repair services, or other personal consumer reports",Problem with a credit reporting company's investigation into an existing problem,"Nelnet, Inc.",448,423,25,44,2017-05-09,2023-08-24
"Credit reporting, credit repair services, or other personal consumer reports",Problem with a credit reporting company's investigation into an existing problem,"I.C. System, Inc.",287,262,25,35,2017-07-18,2023-08-24
Credit reporting or other personal consumer reports,Incorrect information on your report,JPMORGAN CHASE & CO.,1383,1359,24,54,2023-08-28,2025-12-28
Debt collection,Attempts to collect debt not owed,"Amsher Collection Services, Inc.",1005,981,24,50,2017-04-26,2026-03-10
Credit reporting or other personal consumer reports,Incorrect information on your report,AMERICAN EXPRESS COMPANY,886,862,24,45,2023-08-25,2025-12-29
Credit reporting or other personal consumer reports,Problem with a company's investigation into an existing problem,Resurgent Capital Services L.P.,770,746,24,44,2023-08-25,2026-01-20
Debt collection,Written notification about debt,"CITIBANK, N.A.",548,524,24,47,2017-04-27,2026-04-09
Debt collection,Attempts to collect debt not owed,LJ Ross Associates,432,408,24,39,2017-04-26,2026-04-24
Debt collection,Attempts to collect debt not owed,"Lockhart, Morris & Montgomery Inc.",322,298,24,33,2017-10-25,2026-04-20
Debt collection,Attempts to collect debt not owed,"Nelnet, Inc.",309,285,24,42,2017-06-01,2026-02-17
Credit reporting or other personal consumer reports,Problem with a company's investigation into an existing problem,BARCLAYS BANK DELAWARE,271,247,24,38,2023-08-28,2025-12-19
"Credit reporting, credit repair services, or other personal consumer reports",Incorrect information on your report,SYNCHRONY FINANCIAL,1870,1847,23,53,2017-04-24,2023-08-22
Debt collection,Attempts to collect debt not owed,"Capio Partners, LLC",583,560,23,41,2017-05-04,2026-03-12
Credit reporting or other personal consumer reports,Improper use of your report,"Nelnet, Inc.",546,523,23,44,2023-08-28,2025-12-23
Credit reporting or other personal consumer reports,Problem with a company's investigation into an existing problem,TD BANK US HOLDING COMPANY,302,279,23,39,2023-08-25,2025-12-26
Credit reporting or other personal consumer reports,Improper use of your report,"Cascade CISS Holdings, LLC",223,200,23,37,2023-09-07,2025-11-19
"Credit reporting, credit repair services, or other personal consumer reports",Problem with a credit reporting company's investigation into an existing problem,Self Financial Inc.,189,166,23,26,2020-05-27,2023-08-18
Student loan,Problem with a credit reporting company's investigation into an existing problem,"Navient Solutions, LLC.",157,134,23,34,2017-05-08,2023-06-27
Debt collection,False statements or representation,CL Holdings LLC,1457,1435,22,51,2015-04-17,2026-03-16
Debt collection,Attempts to collect debt not owed,"Rowland Avenue Management, Inc. A/KA Columbia Debt Recovery, LLC d/b/a Genesis",1250,1228,22,49,2019-05-09,2026-03-16
Credit reporting or other personal consumer reports,Improper use of your report,Resurgent Capital Services L.P.,1047,1025,22,43,2023-08-28,2026-03-07
Credit reporting or other personal consumer reports,Incorrect information on your report,WELLS FARGO & COMPANY,963,941,22,41,2023-08-26,2026-03-16
Debt collection,Attempts to collect debt not owed,TrueAccord Corp.,666,644,22,44,2017-05-07,2026-03-15
Debt collection,Attempts to collect debt not owed,"The CBE Group, Inc.",616,594,22,46,2017-05-19,2026-03-13
Debt collection,Attempts to collect debt not owed,Central Portfolio Control Inc.,346,324,22,45,2018-06-12,2026-03-15
"Credit reporting, credit repair services, or other personal consumer reports",Problem with a credit reporting company's investigation into an existing problem,ERC,213,191,22,30,2017-04-25,2023-08-19
Debt or credit management,Confusing or missing disclosures,Experian Information Solutions Inc.,105,83,22,26,2023-11-14,2026-03-18
Credit card or prepaid card,Problem with a credit reporting company's investigation into an existing problem,"BANK OF AMERICA, NATIONAL ASSOCIATION",101,79,22,22,2017-06-13,2023-08-10
Credit reporting or other personal consumer reports,Incorrect information on your report,DISCOVER BANK,1314,1293,21,51,2023-08-26,2026-03-07
Credit reporting or other personal consumer reports,Incorrect information on your report,NAVY FEDERAL CREDIT UNION,935,914,21,44,2023-08-25,2025-12-29
Debt collection,Attempts to collect debt not owed,"ONLINE Information Services, Inc.",545,524,21,41,2017-05-01,2026-03-13
Credit reporting or other personal consumer reports,Improper use of your report,Self Financial Inc.,387,366,21,39,2023-08-28,2025-12-29
Debt collection,Attempts to collect debt not owed,Santander Consumer USA Holdings Inc.,368,347,21,38,2017-05-10,2022-09-16
Credit reporting or other personal consumer reports,Incorrect information on your report,CORELOGIC INC,251,230,21,34,2023-08-25,2026-01-25
Credit card or prepaid card,Problem when making payments,"Bread Financial Holdings, Inc.",1089,1069,20,50,2017-04-25,2023-08-21
Debt collection,Attempts to collect debt not owed,T.S. Holdings,902,882,20,48,2020-08-07,2026-03-15
Debt collection,False statements or representation,"TRANSUNION INTERMEDIATE HOLDINGS, INC.",761,741,20,43,2015-10-06,2026-04-10
Debt collection,Attempts to collect debt not owed,"Affirm Holdings, Inc",723,703,20,44,2021-03-11,2026-03-12
Debt collection,Attempts to collect debt not owed,"WAKEFIELD & ASSOCIATES, INC.",508,488,20,38,2017-05-05,2023-01-25
Credit reporting or other personal consumer reports,Improper use of your report,"Early Warning Services, LLC",464,444,20,38,2023-08-28,2025-12-26
Debt or credit management,Confusing or missing disclosures,"EQUIFAX, INC.",78,58,20,23,2023-09-29,2026-03-11
Vehicle loan or lease,Problem with a credit reporting company's investigation into an existing problem,"General Motors Financial Company, Inc.",75,55,20,19,2017-06-04,2023-08-01
Credit reporting or other personal consumer reports,Problem with a company's investigation into an existing problem,STATE EMPLOYEES CREDIT UNION,53,33,20,3,2023-12-04,2025-10-27
Debt collection,Attempts to collect debt not owed,"Receivable Solutions, Inc.",49,29,20,8,2017-07-25,2022-10-29
"Money transfer, virtual currency, or money service",Unauthorized transactions or other transaction problem,"Block, Inc.",3033,3014,19,50,2019-01-20,2026-03-16
Debt collection,Attempts to collect debt not owed,NAVY FEDERAL CREDIT UNION,588,569,19,41,2017-04-26,2026-03-29
Credit reporting or other personal consumer reports,Improper use of your report,"Fidelity National Information Services, Inc. (FNIS)",476,457,19,39,2023-08-26,2026-03-13
Debt collection,Attempts to collect debt not owed,CURO Intermediate Holdings,398,379,19,35,2017-05-10,2026-02-02
Credit reporting or other personal consumer reports,Problem with a company's investigation into an existing problem,"Nelnet, Inc.",375,356,19,42,2023-08-28,2025-12-24
Debt collection,Written notification about debt,JPMORGAN CHASE & CO.,308,289,19,40,2017-05-01,2026-03-11
"Credit reporting, credit repair services, or other personal consumer reports",Problem with a credit reporting company's investigation into an existing problem,"National Credit Adjusters, LLC",163,144,19,19,2017-07-18,2023-08-13
"Credit reporting, credit repair services, or other personal consumer reports",Problem with a credit reporting company's investigation into an existing problem,OneMain Finance Corporation,158,139,19,30,2020-06-25,2023-08-21
Debt collection,Attempts to collect debt not owed,TD BANK US HOLDING COMPANY,552,534,18,43,2017-04-24,2026-03-12
Credit reporting or other personal consumer reports,Improper use of your report,ENCORE CAPITAL GROUP INC.,552,534,18,39,2023-08-26,2025-12-29
Debt collection,Took or threatened to take negative or legal action,"CITIBANK, N.A.",531,513,18,42,2017-04-28,2026-04-21
Credit reporting or other personal consumer reports,Improper use of your report,"SANTANDER HOLDINGS USA, INC.",515,497,18,39,2023-08-25,2025-12-24
Debt collection,Attempts to collect debt not owed,World Acceptance Corporation,228,210,18,22,2017-11-09,2026-03-12
Vehicle loan or lease,Problem with a credit reporting company's investigation into an existing problem,ALLY FINANCIAL INC.,90,72,18,21,2017-06-01,2023-06-03
Credit card or prepaid card,Problem when making payments,SYNCHRONY FINANCIAL,1070,1053,17,50,2017-04-25,2023-08-24
Debt collection,Attempts to collect debt not owed,"Sequium Asset Solutions, LLC",947,930,17,50,2018-04-09,2026-03-13
Debt collection,Attempts to collect debt not owed,"W&A Intermediate Co., LLC",581,564,17,42,2023-01-03,2026-03-06
Credit reporting or other personal consumer reports,Problem with a company's investigation into an existing problem,"Portfolio Recovery Associates, LLC",502,485,17,36,2023-09-03,2025-12-24
Debt collection,Attempts to collect debt not owed,Rent Recovery Solutions,407,390,17,38,2017-05-01,2026-03-11
Debt collection,Attempts to collect debt not owed,BARCLAYS BANK DELAWARE,405,388,17,43,2017-04-26,2026-04-22
Debt collection,Attempts to collect debt not owed,"Westlake Services, LLC",379,362,17,41,2017-05-22,2026-03-12
"Credit reporting, credit repair services, or other personal consumer reports",Problem with a credit reporting company's investigation into an existing problem,BARCLAYS BANK DELAWARE,317,300,17,39,2017-04-25,2023-08-09
Prepaid card,Trouble using the card,AMERICAN EXPRESS COMPANY,2043,2027,16,53,2023-08-28,2026-03-11
"Credit reporting, credit repair services, or other personal consumer reports",Improper use of your report,"Bread Financial Holdings, Inc.",769,753,16,47,2017-04-28,2023-08-24
Credit reporting or other personal consumer reports,Improper use of your report,"Bread Financial Holdings, Inc.",626,610,16,40,2023-08-25,2026-03-07
"Money transfer, virtual currency, or money service",Confusing or missing disclosures,"Early Warning Services, LLC",441,425,16,38,2018-02-28,2026-01-11
Debt collection,Took or threatened to take negative or legal action,"CCS Financial Services, Inc.",425,409,16,37,2017-04-24,2026-04-23
Credit card,Trouble using your card,AMERICAN EXPRESS COMPANY,403,387,16,42,2023-08-28,2026-03-12
"Credit reporting, credit repair services, or other personal consumer reports",Improper use of your report,"CLGF Holdco 1, LLC",250,234,16,37,2021-08-08,2023-08-17
Debt collection,Attempts to collect debt not owed,"Commonwealth Financial Systems, Inc.",719,704,15,45,2017-04-25,2024-05-30
Credit reporting or other personal consumer reports,Improper use of your report,"Portfolio Recovery Associates, LLC",537,522,15,38,2023-08-28,2026-01-03
Credit reporting or other personal consumer reports,Improper use of your report,U.S. BANCORP,305,290,15,39,2023-09-01,2025-12-26
Credit reporting or other personal consumer reports,Problem with a company's investigation into an existing problem,Kikoff Inc.,237,222,15,30,2023-09-01,2026-01-04
Credit reporting or other personal consumer reports,Problem with a company's investigation into an existing problem,"CBC Companies, Inc.",202,187,15,30,2023-10-06,2025-12-23
Credit reporting or other personal consumer reports,Incorrect information on your report,LCI Acquisition Inc.,140,125,15,27,2023-08-25,2025-12-26
"Credit reporting, credit repair services, or other personal consumer reports",Incorrect information on your report,Santander Consumer USA Holdings Inc.,978,964,14,45,2017-04-27,2022-09-16
Debt collection,Attempts to collect debt not owed,HCFS Healthcare Financial Services of TeamHealth,729,715,14,35,2017-04-24,2026-01-17
Debt collection,Attempts to collect debt not owed,"Credit Control, LLC",532,518,14,45,2020-01-25,2026-04-22
Debt collection,Attempts to collect debt not owed,"Aargon Agency, Inc.",516,502,14,37,2017-05-05,2026-04-13
"Credit reporting, credit repair services, or other personal consumer reports",Problem with a credit reporting company's investigation into an existing problem,"Navient Solutions, LLC.",408,394,14,44,2017-04-25,2023-08-24
Debt collection,Written notification about debt,WELLS FARGO & COMPANY,327,313,14,44,2017-05-03,2026-04-15
Debt collection,Attempts to collect debt not owed,Self Financial Inc.,264,250,14,35,2021-04-10,2026-03-12
Debt collection,Attempts to collect debt not owed,Absolute Resolutions Corp.,261,247,14,36,2018-12-10,2026-03-06
Debt collection,Attempts to collect debt not owed,"Colony Brands, Inc.",233,219,14,38,2017-05-15,2026-02-02
Debt collection,Attempts to collect debt not owed,GOLDMAN SACHS BANK USA,228,214,14,35,2017-05-26,2026-03-12
Credit reporting or other personal consumer reports,Problem with fraud alerts or security freezes,MicroBilt / PRBC (formerly CL Verify),56,42,14,8,2024-02-06,2025-11-27
Credit reporting or other personal consumer reports,Incorrect information on your report,"Nelnet, Inc.",996,983,13,51,2023-08-25,2025-12-29
"Credit reporting, credit repair services, or other personal consumer reports",Improper use of your report,ALLY FINANCIAL INC.,755,742,13,46,2017-04-27,2023-08-24
Credit reporting or other personal consumer reports,Improper use of your report,BARCLAYS BANK DELAWARE,433,420,13,42,2023-08-26,2025-12-29
Credit reporting or other personal consumer reports,Improper use of your report,"Westlake Services, LLC",391,378,13,35,2023-08-26,2025-12-26
"Credit reporting, credit repair services, or other personal consumer reports",Problem with a credit reporting company's investigation into an existing problem,AES/PHEAA,380,367,13,44,2017-04-25,2023-08-12
Debt collection,Attempts to collect debt not owed,Consumer Adjustment Company Incorporated,348,335,13,36,2017-09-21,2026-03-12
Debt collection,Written notification about debt,"BANK OF AMERICA, NATIONAL ASSOCIATION",342,329,13,38,2017-05-25,2026-04-19
Credit reporting or other personal consumer reports,Problem with a company's investigation into an existing problem,GOLDMAN SACHS BANK USA,284,271,13,36,2023-08-25,2025-12-30
Debt collection,Attempts to collect debt not owed,BTH Management,230,217,13,32,2017-05-06,2026-03-12
"Credit reporting, credit repair services, or other personal consumer reports",Incorrect information on your report,"Colony Brands, Inc.",179,166,13,35,2017-05-17,2023-08-20
Debt collection,Attempts to collect debt not owed,"Bounce AI, Inc.",155,142,13,27,2024-04-14,2026-03-12
Vehicle loan or lease,Problem with a credit reporting company's investigation into an existing problem,WELLS FARGO & COMPANY,66,53,13,16,2017-07-16,2023-01-30
Credit reporting or other personal consumer reports,Problem with fraud alerts or security freezes,"National Consumer Telecom & Utilities Exchange, Inc.",49,36,13,10,2024-05-31,2025-10-27
"Credit reporting, credit repair services, or other personal consumer reports",Incorrect information on your report,Resurgent Capital Services L.P.,851,839,12,43,2017-04-26,2023-08-21
Credit reporting or other personal consumer reports,Incorrect information on your report,Self Financial Inc.,783,771,12,43,2023-09-01,2026-01-13
"Credit reporting, credit repair services, or other personal consumer reports",Improper use of your report,WELLS FARGO & COMPANY,700,688,12,48,2017-05-05,2023-08-21
"Credit reporting, credit repair services, or other personal consumer reports",Improper use of your report,DISCOVER BANK,582,570,12,41,2017-04-25,2023-08-24
Credit reporting or other personal consumer reports,Problem with a company's investigation into an existing problem,ENCORE CAPITAL GROUP INC.,439,427,12,41,2023-08-26,2026-01-27
Debt collection,Written notification about debt,DISCOVER BANK,287,275,12,41,2017-05-04,2026-03-09
Credit card,Incorrect information on your report,"BANK OF AMERICA, NATIONAL ASSOCIATION",210,198,12,31,2023-09-04,2026-04-23
Debt collection,Written notification about debt,"EOS Holdings, Inc.",152,140,12,31,2017-06-29,2023-10-07
Credit card or prepaid card,Problem with a purchase shown on your statement,JPMORGAN CHASE & CO.,3410,3399,11,56,2017-04-24,2023-08-24
"Credit reporting, credit repair services, or other personal consumer reports",Incorrect information on your report,BARCLAYS BANK DELAWARE,614,603,11,43,2017-04-25,2023-08-24
Debt collection,Written notification about debt,HCFS Healthcare Financial Services of TeamHealth,388,377,11,34,2017-04-26,2026-02-24
Credit reporting or other personal consumer reports,Problem with a company's investigation into an existing problem,CL Holdings LLC,382,371,11,42,2023-09-04,2025-12-19
Credit reporting or other personal consumer reports,Improper use of your report,TD BANK US HOLDING COMPANY,380,369,11,35,2023-08-31,2025-12-23
Debt collection,Written notification about debt,"Bread Financial Holdings, Inc.",370,359,11,44,2017-05-22,2026-03-11
Debt collection,Attempts to collect debt not owed,"Navient Solutions, LLC.",359,348,11,44,2017-04-25,2026-02-22
Credit reporting or other personal consumer reports,Improper use of your report,"Maximus Federal Services, Inc.",318,307,11,37,2023-08-27,2025-12-18
Credit reporting or other personal consumer reports,Improper use of your report,"Affirm Holdings, Inc",289,278,11,35,2023-08-26,2025-12-29
Debt collection,Written notification about debt,"NRA Group, LLC",263,252,11,37,2017-08-28,2026-03-11
"Credit reporting, credit repair services, or other personal consumer reports",Problem with a credit reporting company's investigation into an existing problem,"General Motors Financial Company, Inc.",218,207,11,37,2017-05-08,2023-08-21
Credit reporting or other personal consumer reports,Problem with a company's investigation into an existing problem,TRUIST FINANCIAL CORPORATION,180,169,11,30,2023-09-04,2025-12-25
Debt collection,Attempts to collect debt not owed,"GLA Collection Company, Inc.",172,161,11,17,2017-05-11,2026-02-25
Credit reporting or other personal consumer reports,Problem with a company's investigation into an existing problem,"Westlake Services, LLC",146,135,11,26,2023-09-03,2025-11-26
Debt collection,Attempts to collect debt not owed,AES/PHEAA,143,132,11,30,2017-04-30,2026-03-13
Credit reporting or other personal consumer reports,Problem with fraud alerts or security freezes,CORELOGIC INC,115,104,11,21,2023-11-06,2025-12-28
Credit reporting or other personal consumer reports,Incorrect information on your report,STATE EMPLOYEES CREDIT UNION,63,52,11,3,2023-10-13,2025-11-22
Mortgage,Problem with a credit reporting company's investigation into an existing problem,WELLS FARGO & COMPANY,57,46,11,21,2017-08-21,2023-01-16
"Credit reporting, credit repair services, or other personal consumer reports",Incorrect information on your report,TD BANK US HOLDING COMPANY,880,870,10,45,2017-04-24,2023-08-23
Debt collection,Cont'd attempts collect debt not owed,ERC,763,753,10,48,2015-03-19,2017-04-21
Debt collection,Attempts to collect debt not owed,"NRA Group, LLC",555,545,10,47,2017-04-24,2026-03-12
Debt collection,Attempts to collect debt not owed,TekCollect Inc.,362,352,10,41,2017-05-03,2026-04-24
Credit reporting or other personal consumer reports,Improper use of your report,"General Motors Financial Company, Inc.",327,317,10,42,2023-08-25,2025-12-28
Debt collection,Attempts to collect debt not owed,Credit Corp Solutions Inc.,326,316,10,41,2017-10-17,2026-03-10
Student loan,Improper use of your report,"Nelnet, Inc.",322,312,10,43,2017-09-13,2026-03-11
Debt collection,Attempts to collect debt not owed,"Collection Management Holdings, LLC",318,308,10,37,2020-01-16,2026-03-12
Debt collection,Attempts to collect debt not owed,"RentDebt Automated Collections, LLC",287,277,10,34,2017-05-23,2026-03-11
Debt collection,Took or threatened to take negative or legal action,"EQUIFAX, INC.",277,267,10,29,2017-04-30,2026-03-08
"Credit reporting, credit repair services, or other personal consumer reports",Problem with a credit reporting company's investigation into an existing problem,TOYOTA MOTOR CREDIT CORPORATION,223,213,10,31,2017-06-01,2023-08-23
Debt collection,Attempts to collect debt not owed,"Helvey & Associates, Inc., Warsaw, IN Branch",189,179,10,26,2017-07-27,2026-03-25
"Credit reporting, credit repair services, or other personal consumer reports",Problem with a credit reporting company's investigation into an existing problem,"CCS Financial Services, Inc.",172,162,10,30,2017-06-06,2023-07-21
Credit reporting or other personal consumer reports,Improper use of your report,"Open Dealer Exchange, LLC",161,151,10,28,2023-08-25,2025-11-16
"Credit reporting, credit repair services, or other personal consumer reports",Problem with a credit reporting company's investigation into an existing problem,CL Holdings LLC,161,151,10,36,2017-08-10,2023-08-16
Credit reporting or other personal consumer reports,Problem with a company's investigation into an existing problem,OneMain Finance Corporation,148,138,10,26,2023-09-19,2025-12-04
Debt collection,Communication tactics,"TRANSUNION INTERMEDIATE HOLDINGS, INC.",105,95,10,23,2017-09-13,2026-04-11
Debt or credit management,Confusing or missing disclosures,"TRANSUNION INTERMEDIATE HOLDINGS, INC.",81,71,10,20,2024-01-28,2026-04-13
Credit card or prepaid card,Problem with a credit reporting company's investigation into an existing problem,DISCOVER BANK,75,65,10,21,2017-05-15,2023-08-16
Debt collection,Attempts to collect debt not owed,Profit Services Group,38,28,10,7,2017-06-27,2022-11-21
"Credit reporting, credit repair services, or other personal consumer reports",Problem with a credit reporting company's investigation into an existing problem,Verisk Analytics Inc,34,24,10,15,2020-01-05,2022-03-26
Checking or savings account,Managing an account,WELLS FARGO & COMPANY,11468,11459,9,55,2017-04-24,2026-04-24
Student loan,Dealing with your lender or servicer,"Nelnet, Inc.",4480,4471,9,53,2017-04-25,2026-03-15
Debt collection,Written notification about debt,"National Credit Systems,Inc.",1060,1051,9,45,2017-04-28,2026-03-15
"Credit reporting, credit repair services, or other personal consumer reports",Incorrect information on your report,"Navient Solutions, LLC.",1012,1003,9,50,2017-04-24,2023-08-20
"Money transfer, virtual currency, or money service",Money was not available when promised,"Paypal Holdings, Inc",852,843,9,49,2017-05-11,2026-03-12
"Money transfer, virtual currency, or money service",Other transaction problem,"BANK OF AMERICA, NATIONAL ASSOCIATION",714,705,9,50,2017-05-26,2026-04-22
Credit reporting or other personal consumer reports,Improper use of your report,OneMain Finance Corporation,592,583,9,44,2023-08-30,2025-12-23
Debt collection,Written notification about debt,"Commonwealth Financial Systems, Inc.",383,374,9,41,2017-05-01,2024-01-25
Debt collection,Attempts to collect debt not owed,Monterey Financial Services LLC,314,305,9,41,2017-05-15,2026-04-24
Credit reporting or other personal consumer reports,Incorrect information on your report,"CLGF Holdco 1, LLC",313,304,9,37,2023-08-30,2025-12-29
Debt collection,Attempts to collect debt not owed,"The Bureaus, Inc.",268,259,9,33,2017-04-26,2026-03-04
Credit reporting or other personal consumer reports,Improper use of your report,CORELOGIC INC,265,256,9,36,2023-08-26,2025-12-14
"Credit reporting, credit repair services, or other personal consumer reports",Problem with a credit reporting company's investigation into an existing problem,CREDIT ACCEPTANCE CORPORATION,249,240,9,36,2017-05-27,2023-08-21
Credit card,Incorrect information on your report,DISCOVER BANK,230,221,9,32,2023-09-04,2026-03-11
Debt collection,Cont'd attempts collect debt not owed,"Commonwealth Financial Systems, Inc.",208,199,9,30,2015-03-23,2017-04-19
"Credit reporting, credit repair services, or other personal consumer reports",Incorrect information on your report,"CAINE & WEINER COMPANY, INC.",191,182,9,38,2017-04-28,2023-08-05
Credit reporting or other personal consumer reports,Problem with a company's investigation into an existing problem,"CCS Financial Services, Inc.",179,170,9,31,2023-09-06,2025-12-16
Credit reporting or other personal consumer reports,Problem with a company's investigation into an existing problem,"CLGF Holdco 1, LLC",128,119,9,26,2023-09-26,2025-12-26
Credit reporting or other personal consumer reports,Problem with a company's investigation into an existing problem,"General Motors Financial Company, Inc.",127,118,9,28,2023-08-30,2026-03-05
Debt collection,Written notification about debt,CURO Intermediate Holdings,120,111,9,24,2017-06-18,2023-04-12
Debt collection,Attempts to collect debt not owed,"Jon Barry and Associates, Inc.",119,110,9,21,2017-07-07,2026-03-05
Debt collection,Communication tactics,"EQUIFAX, INC.",110,101,9,23,2019-08-07,2026-02-10
"Credit reporting, credit repair services, or other personal consumer reports",Problem with a credit reporting company's investigation into an existing problem,"ACIMA CREDIT, LLC",106,97,9,23,2019-09-30,2023-08-08
"Credit reporting, credit repair services, or other personal consumer reports",Problem with a credit reporting company's investigation into an existing problem,"Colony Brands, Inc.",103,94,9,32,2017-07-18,2023-08-20
Debt collection,Written notification about debt,First Credit Services Inc.,101,92,9,33,2017-05-17,2026-03-04
Credit reporting or other personal consumer reports,Problem with a company's investigation into an existing problem,"ACIMA CREDIT, LLC",85,76,9,24,2023-09-01,2025-12-23
Credit reporting or other personal consumer reports,Problem with a company's investigation into an existing problem,"Upstart Holdings, Inc.",83,74,9,18,2023-09-06,2025-11-19
"Credit reporting, credit repair services, or other personal consumer reports",Improper use of your report,Verisk Analytics Inc,25,16,9,10,2019-01-12,2023-08-20
Mortgage,Trouble during payment process,Mr. Cooper Group Inc.,4411,4403,8,53,2017-05-01,2026-03-08
Debt collection,Written notification about debt,TRANSWORLD SYSTEMS INC,1068,1060,8,51,2017-05-08,2026-03-16
Credit reporting or other personal consumer reports,Incorrect information on your report,CL Holdings LLC,1022,1014,8,44,2023-08-28,2025-12-29
"Money transfer, virtual currency, or money service",Other transaction problem,JPMORGAN CHASE & CO.,950,942,8,40,2017-05-05,2026-03-09
Debt collection,Attempts to collect debt not owed,"Diversified Consultants, Inc.",872,864,8,45,2017-04-24,2020-05-01
Credit reporting or other personal consumer reports,Incorrect information on your report,"Portfolio Recovery Associates, LLC",822,814,8,45,2023-08-25,2026-02-22
Prepaid card,Trouble using the card,Incomm Holdings Inc.,765,757,8,50,2023-08-25,2026-03-15
Debt collection,Took or threatened to take negative or legal action,CAPITAL ONE FINANCIAL CORPORATION,703,695,8,47,2017-05-08,2026-03-15
Debt collection,Attempts to collect debt not owed,"CAVALRY INVESTMENTS, LLC",666,658,8,48,2017-04-25,2026-03-09
Debt collection,Cont'd attempts collect debt not owed,ENCORE CAPITAL GROUP INC.,664,656,8,50,2015-03-19,2017-04-20
Debt collection,Attempts to collect debt not owed,Source Receivables Management LLC,644,636,8,45,2017-05-04,2026-03-12
Debt collection,Attempts to collect debt not owed,"Medical Data Systems, Inc.",420,412,8,36,2017-04-25,2026-03-11
"Credit reporting, credit repair services, or other personal consumer reports",Improper use of your report,NAVY FEDERAL CREDIT UNION,412,404,8,38,2017-05-03,2023-08-22
"Credit reporting, credit repair services, or other personal consumer reports",Incorrect information on your report,CORELOGIC INC,403,395,8,40,2017-04-28,2023-08-15
"Money transfer, virtual currency, or money service",Unauthorized transactions or other transaction problem,"Early Warning Services, LLC",381,373,8,36,2018-03-22,2026-03-11
Credit reporting or other personal consumer reports,Improper use of your report,"Exeter Finance, LLC.",325,317,8,33,2023-08-27,2025-12-26
Credit reporting or other personal consumer reports,Improper use of your report,MOHELA,314,306,8,44,2023-08-25,2026-01-05
Debt collection,Attempts to collect debt not owed,"Credit Systems International, Inc.",285,277,8,28,2017-05-03,2026-03-10
Debt collection,Attempts to collect debt not owed,The Receivable Management Services LLC,277,269,8,42,2017-05-05,2026-04-24
"Credit reporting, credit repair services, or other personal consumer reports",Improper use of your report,"SANTANDER HOLDINGS USA, INC.",230,222,8,35,2022-09-18,2023-08-23
Debt collection,Attempts to collect debt not owed,OneMain Finance Corporation,210,202,8,32,2020-07-08,2026-03-16
Credit reporting or other personal consumer reports,Problem with a company's investigation into an existing problem,TOYOTA MOTOR CREDIT CORPORATION,120,112,8,30,2023-09-07,2025-12-29
Vehicle loan or lease,Problem with a credit reporting company's investigation into an existing problem,Santander Consumer USA Holdings Inc.,117,109,8,25,2017-04-25,2022-07-12
"Credit reporting, credit repair services, or other personal consumer reports",Problem with a credit reporting company's investigation into an existing problem,HCFS Healthcare Financial Services of TeamHealth,97,89,8,17,2017-07-21,2023-08-01
Bank account or service,"Account opening, closing, or management",SCOTTRADE BANK,94,86,8,8,2015-10-15,2017-04-09
Debt collection,Attempts to collect debt not owed,Holloway Credit Solutions,58,50,8,6,2017-12-14,2026-03-02
"Credit reporting, credit repair services, or other personal consumer reports",Problem with a credit reporting company's investigation into an existing problem,"American First Finance, Inc.",52,44,8,19,2018-07-20,2023-08-16
Credit reporting or other personal consumer reports,Problem with a company's investigation into an existing problem,Mercedes Benz Financial Services,52,44,8,14,2023-09-11,2026-02-12
Credit reporting or other personal consumer reports,Problem with a company's investigation into an existing problem,OPORTUN FINANCIAL CORPORATION,41,33,8,12,2023-09-01,2025-12-15
Credit reporting or other personal consumer reports,Problem with fraud alerts or security freezes,LCI Acquisition Inc.,39,31,8,4,2023-11-30,2025-04-18
Debt collection,False statements or representation,"National Credit Systems,Inc.",1087,1080,7,43,2015-03-20,2026-03-12
Credit reporting or other personal consumer reports,Incorrect information on your report,ENCORE CAPITAL GROUP INC.,986,979,7,44,2023-08-26,2026-03-11
Credit card,Getting a credit card,JPMORGAN CHASE & CO.,974,967,7,52,2023-08-25,2026-03-12
"Credit reporting, credit repair services, or other personal consumer reports",Incorrect information on your report,ENCORE CAPITAL GROUP INC.,709,702,7,50,2017-05-01,2023-08-22
Debt collection,Attempts to collect debt not owed,Phoenix Financial Services LLC,649,642,7,45,2017-05-08,2025-01-29
"Credit reporting, credit repair services, or other personal consumer reports",Improper use of your report,CORELOGIC INC,617,610,7,43,2017-05-05,2023-08-21
Debt collection,Communication tactics,"CITIBANK, N.A.",548,541,7,47,2015-03-19,2026-04-16
Debt collection,Attempts to collect debt not owed,"Diversified Adjustment Service, Inc.",475,468,7,43,2017-04-28,2026-04-23
Credit card,Getting a credit card,"BANK OF AMERICA, NATIONAL ASSOCIATION",445,438,7,45,2023-08-25,2026-04-21
Credit reporting or other personal consumer reports,Improper use of your report,TRUIST FINANCIAL CORPORATION,443,436,7,39,2023-08-28,2025-12-29
Debt collection,Attempts to collect debt not owed,AmeriCollect,372,365,7,33,2017-05-04,2025-12-18
Checking or savings account,Opening an account,"Early Warning Services, LLC",357,350,7,36,2017-10-03,2026-03-13
Debt collection,False statements or representation,"CAINE & WEINER COMPANY, INC.",349,342,7,42,2015-08-11,2026-03-15
Debt collection,False statements or representation,ERC,329,322,7,43,2015-03-20,2023-11-05
Debt collection,Disclosure verification of debt,"Portfolio Recovery Associates, LLC",318,311,7,43,2015-03-19,2017-04-19
Debt collection,Took or threatened to take negative or legal action,JPMORGAN CHASE & CO.,315,308,7,42,2017-05-24,2026-03-11
Debt collection,Attempts to collect debt not owed,CONTRACT CALLERS INC,258,251,7,36,2017-06-19,2026-03-12
Debt collection,Took or threatened to take negative or legal action,NAVY FEDERAL CREDIT UNION,254,247,7,33,2017-04-29,2026-03-19
Debt collection,Took or threatened to take negative or legal action,"Kriya Capital, LLC",244,237,7,35,2017-09-07,2026-03-08
Credit card,Incorrect information on your report,SYNCHRONY FINANCIAL,202,195,7,38,2023-09-07,2026-03-23
Debt collection,Attempts to collect debt not owed,"AR Resources, Inc.",192,185,7,26,2017-04-24,2026-03-03
Debt collection,Attempts to collect debt not owed,"Continental Services Group, Inc. d/b/a ConServe",175,168,7,36,2017-05-05,2026-03-11
"Credit reporting, credit repair services, or other personal consumer reports",Incorrect information on your report,CURO Intermediate Holdings,168,161,7,29,2017-06-01,2023-06-11
Student loan,Improper use of your report,MOHELA,167,160,7,39,2021-09-07,2026-02-18
Debt collection,Attempts to collect debt not owed,"Carter-Young, Inc.",163,156,7,25,2017-04-25,2026-04-21
Debt collection,Written notification about debt,AMERICAN EXPRESS COMPANY,159,152,7,31,2017-04-25,2026-03-10
"Credit reporting, credit repair services, or other personal consumer reports",Problem with a credit reporting company's investigation into an existing problem,"Westlake Services, LLC",141,134,7,26,2017-07-19,2023-08-13
Debt collection,Written notification about debt,BARCLAYS BANK DELAWARE,123,116,7,28,2017-04-24,2026-04-09
Debt collection,Attempts to collect debt not owed,"UPGRADE, INC.",123,116,7,30,2020-12-04,2026-03-13
Debt collection,Communication tactics,Experian Information Solutions Inc.,104,97,7,28,2018-05-01,2026-03-01
Credit reporting or other personal consumer reports,Problem with a company's investigation into an existing problem,UNITED SERVICES AUTOMOBILE ASSOCIATION,97,90,7,25,2023-09-24,2025-12-29
Credit reporting or other personal consumer reports,Problem with a company's investigation into an existing problem,Synovus Bank,92,85,7,24,2023-09-12,2025-12-04
"Credit reporting, credit repair services, or other personal consumer reports",Problem with a credit reporting company's investigation into an existing problem,World Acceptance Corporation,83,76,7,17,2017-08-28,2023-08-07
Credit reporting or other personal consumer reports,Problem with fraud alerts or security freezes,"ID Analytics, Inc.",81,74,7,18,2023-10-19,2025-11-23
Credit reporting or other personal consumer reports,Problem with a company's investigation into an existing problem,Possible Financial Inc,68,61,7,14,2023-10-27,2025-11-25
"Credit reporting, credit repair services, or other personal consumer reports",Problem with customer service,"TRANSUNION INTERMEDIATE HOLDINGS, INC.",67,60,7,29,2017-06-06,2023-08-08
Credit reporting or other personal consumer reports,Improper use of your report,FIRST NATIONAL BANK OF OMAHA,47,40,7,18,2023-10-03,2025-11-16
Debt collection,Took or threatened to take negative or legal action,Self Financial Inc.,37,30,7,12,2022-10-24,2026-03-12
Credit reporting or other personal consumer reports,Problem with a company's investigation into an existing problem,"Colony Brands, Inc.",36,29,7,17,2023-09-06,2025-11-23
Credit reporting or other personal consumer reports,Improper use of your report,STATE EMPLOYEES CREDIT UNION,36,29,7,2,2023-09-07,2025-09-23
Debt collection,Attempts to collect debt not owed,"EMCC Holdings, LLC",34,27,7,18,2019-06-30,2024-03-11
Vehicle loan or lease,Problem with a credit reporting company's investigation into an existing problem,AMERICAN HONDA FINANCE CORP,31,24,7,11,2018-03-15,2023-03-21
Debt collection,Communication tactics,"Portfolio Recovery Associates, LLC",2548,2542,6,53,2015-03-19,2026-03-11
Credit card or prepaid card,Problem when making payments,"CITIBANK, N.A.",1100,1094,6,53,2017-04-25,2023-08-23
Credit reporting or other personal consumer reports,Incorrect information on your report,MOHELA,897,891,6,51,2023-08-27,2025-12-29
Credit card,Closing your account,"CITIBANK, N.A.",883,877,6,49,2023-08-31,2026-04-24
"Credit reporting, credit repair services, or other personal consumer reports",Incorrect information on your report,"Fidelity National Information Services, Inc. (FNIS)",770,764,6,44,2017-04-24,2023-08-24
Credit card,Getting a credit card,AMERICAN EXPRESS COMPANY,685,679,6,43,2023-08-27,2026-03-05
Debt collection,Cont'd attempts collect debt not owed,"Portfolio Recovery Associates, LLC",595,589,6,48,2015-03-19,2017-04-21
"Credit reporting, credit repair services, or other personal consumer reports",Incorrect information on your report,U.S. BANCORP,595,589,6,49,2017-05-19,2023-08-24
Debt collection,False statements or representation,"HW Holding, Inc",581,575,6,43,2015-03-22,2026-03-12
Credit reporting or other personal consumer reports,Improper use of your report,CL Holdings LLC,516,510,6,38,2023-08-26,2026-03-07
"Credit reporting, credit repair services, or other personal consumer reports",Incorrect information on your report,ERC,418,412,6,43,2017-05-11,2023-08-21
Credit reporting or other personal consumer reports,Incorrect information on your report,BARCLAYS BANK DELAWARE,402,396,6,43,2023-08-27,2026-04-22
Debt collection,Attempts to collect debt not owed,"EOS Holdings, Inc.",396,390,6,40,2017-04-25,2026-03-07
Debt collection,Took or threatened to take negative or legal action,"I.C. System, Inc.",361,355,6,43,2017-05-05,2026-04-06
"Credit reporting, credit repair services, or other personal consumer reports",Incorrect information on your report,TOYOTA MOTOR CREDIT CORPORATION,339,333,6,39,2017-05-08,2023-08-17
"Credit reporting, credit repair services, or other personal consumer reports",Improper use of your report,Resurgent Capital Services L.P.,312,306,6,39,2017-12-30,2023-08-24
Credit reporting or other personal consumer reports,Improper use of your report,GOLDMAN SACHS BANK USA,267,261,6,31,2023-08-26,2025-12-29
Debt collection,Written notification about debt,"Sequium Asset Solutions, LLC",262,256,6,37,2018-04-09,2026-03-15
Debt collection,Attempts to collect debt not owed,"Receivables Management Partners, LLC",246,240,6,30,2017-05-17,2026-02-15
Debt collection,Attempts to collect debt not owed,First Credit Services Inc.,234,228,6,38,2017-06-08,2026-03-08
"Credit reporting, credit repair services, or other personal consumer reports",Improper use of your report,"Portfolio Recovery Associates, LLC",231,225,6,37,2017-05-22,2023-08-22
Credit card,Incorrect information on your report,JPMORGAN CHASE & CO.,217,211,6,34,2023-08-28,2026-03-11
"Credit reporting, credit repair services, or other personal consumer reports",Problem with a credit reporting company's investigation into an existing problem,UNITED SERVICES AUTOMOBILE ASSOCIATION,216,210,6,35,2017-05-01,2023-08-14
Debt collection,Attempts to collect debt not owed,"Conn's, Inc.",194,188,6,19,2017-07-11,2024-12-12
Credit reporting or other personal consumer reports,Incorrect information on your report,UNITED SERVICES AUTOMOBILE ASSOCIATION,189,183,6,30,2023-08-27,2025-12-21
Credit card,Incorrect information on your report,AMERICAN EXPRESS COMPANY,162,156,6,33,2023-09-06,2026-03-06
Debt collection,Attempts to collect debt not owed,"General Motors Financial Company, Inc.",159,153,6,34,2017-07-02,2026-03-04
Debt collection,Written notification about debt,"Receivables Performance Management, LLC",158,152,6,33,2017-04-24,2023-02-11
"Credit reporting, credit repair services, or other personal consumer reports",Problem with a credit reporting company's investigation into an existing problem,"Exeter Finance, LLC.",136,130,6,27,2017-05-05,2023-08-23
Debt collection,Disclosure verification of debt,TENET HEALTHCARE CORPORATION,116,110,6,18,2015-04-20,2017-04-18
Credit reporting or other personal consumer reports,Problem with a company's investigation into an existing problem,"CAINE & WEINER COMPANY, INC.",107,101,6,24,2023-09-30,2025-12-01
Debt collection,Attempts to collect debt not owed,"Strategic Alliances, Inc.",94,88,6,27,2017-05-20,2026-03-16
Debt collection,Attempts to collect debt not owed,Creditors Bureau Associates,92,86,6,10,2017-05-25,2026-02-12
Debt collection,Took or threatened to take negative or legal action,"Affirm Holdings, Inc",91,85,6,25,2021-07-29,2026-03-12
"Credit reporting, credit repair services, or other personal consumer reports",Problem with a credit reporting company's investigation into an existing problem,"SANTANDER HOLDINGS USA, INC.",89,83,6,27,2022-10-05,2023-08-17
