product,issue,total_complaints,overdraft_fee_count,credit_report_count,identity_theft_count,unauthorized_transaction_count,no_response_count,account_closed_count,loan_modification_count,debt_collection_count
Credit reporting or other personal consumer reports,Incorrect information on your report,829814,7,452141,186779,130,4189,1620,254,22902
Credit reporting or other personal consumer reports,Improper use of your report,475811,1,254308,73384,127,1355,479,9,15250
"Credit reporting, credit repair services, or other personal consumer reports",Incorrect information on your report,353664,16,148832,79389,66,4273,1915,604,5726
Credit reporting or other personal consumer reports,Problem with a company's investigation into an existing problem,337471,2,196955,37435,75,2536,733,107,9536
"Credit reporting, credit repair services, or other personal consumer reports",Problem with a credit reporting company's investigation into an existing problem,241926,8,123540,14051,49,4728,868,324,3481
"Credit reporting, credit repair services, or other personal consumer reports",Improper use of your report,183346,5,51435,12065,19,876,165,16,1926
Debt collection,Attempts to collect debt not owed,180337,24,60354,21953,108,2330,664,61,24326
Checking or savings account,Managing an account,96156,885,423,1703,1328,1636,2899,5,114
Debt collection,Written notification about debt,85380,7,43893,2332,9,1555,201,43,10606
Mortgage,Trouble during payment process,54479,49,1764,166,21,1754,96,2069,404
"Money transfer, virtual currency, or money service",Other transaction problem,54043,13,30,116,263,489,370,0,18
Debt collection,False statements or representation,46514,17,13342,984,37,759,214,82,10418
Debt collection,Took or threatened to take negative or legal action,35682,12,7640,1259,8,569,162,83,5049
Student loan,Dealing with your lender or servicer,33776,17,1896,287,14,890,27,30,399
Debt collection,Communication tactics,33184,6,2582,415,3,248,82,16,3729
Mortgage,Struggling to pay mortgage,26168,4,731,71,6,707,21,7145,337
Credit card or prepaid card,Problem with a purchase shown on your statement,26159,5,918,639,614,767,438,1,72
Credit card,Problem with a purchase shown on your statement,24955,3,753,655,933,673,336,0,76
"Money transfer, virtual currency, or money service",Fraud or scam,24821,13,123,511,297,706,426,13,49
Checking or savings account,Closing an account,24533,131,259,509,66,450,4593,0,40
Checking or savings account,Problem with a lender or other company charging your account,21609,157,152,539,1085,412,450,0,57
Credit reporting,Incorrect information on credit report,21216,4,9941,1382,5,262,129,43,318
Checking or savings account,Problem caused by your funds being low,18045,1674,116,117,94,70,343,0,30
Debt collection,Cont'd attempts collect debt not owed,17406,7,4595,1212,10,399,79,14,1504
Vehicle loan or lease,Managing the loan or lease,16407,19,1457,111,23,320,55,41,298
Checking or savings account,Opening an account,15667,14,469,1312,14,227,516,2,31
Mortgage,"Loan servicing, payments, escrow account",14720,13,893,32,3,317,32,941,108
Mortgage,Applying for a mortgage or refinancing an existing mortgage,14594,2,1219,93,5,651,8,725,38
Credit card or prepaid card,"Other features, terms, or problems",12755,6,675,193,19,220,336,2,66
Credit card or prepaid card,Fees or interest,11340,14,477,30,11,120,340,2,42
Credit card,"Other features, terms, or problems",11295,6,561,250,42,180,264,2,128
Credit card,Getting a credit card,11259,1,3254,1529,13,95,140,0,118
Credit card,Fees or interest,10829,10,412,29,28,89,298,0,49
Mortgage,"Loan modification,collection,foreclosure",10788,0,399,18,1,251,4,3095,119
Mortgage,Closing on a mortgage,10532,1,363,62,3,498,31,266,54
Credit card or prepaid card,Getting a credit card,10482,2,2317,1290,11,95,138,1,77
"Credit reporting, credit repair services, or other personal consumer reports",Unable to get your credit report or credit score,10301,1,5750,725,0,170,12,6,46
Student loan,Struggling to repay your loan,9691,3,569,62,1,119,5,39,94
Credit card or prepaid card,Problem when making payments,9257,32,1828,68,11,116,154,1,20
Credit card,Problem with a company's investigation into an existing problem,8852,0,1251,91,6,32,42,3,67
"Money transfer, virtual currency, or money service",Unauthorized transactions or other transaction problem,8729,25,34,135,435,208,236,0,13
Vehicle loan or lease,Problems at the end of the loan or lease,8633,2,843,36,5,200,65,11,106
Credit reporting or other personal consumer reports,Unable to get your credit report or credit score,8546,0,3887,377,0,100,12,0,31
Credit reporting or other personal consumer reports,Problem with fraud alerts or security freezes,8296,0,4547,1237,4,54,28,0,36
Student loan,Dealing with my lender or servicer,7904,3,833,45,2,99,8,5,99
Debt collection,Disclosure verification of debt,7587,1,2411,90,0,210,27,12,831
Credit card or prepaid card,Closing your account,7579,6,1006,177,21,88,1617,2,40
Credit card,Closing your account,7408,3,1017,213,17,98,1283,0,84
Credit reporting or other personal consumer reports,Credit monitoring or identity theft protection services,7207,0,3617,1655,18,53,61,3,200
"Credit reporting, credit repair services, or other personal consumer reports",Problem with fraud alerts or security freezes,7182,0,2294,571,4,100,15,3,9
Debt collection,Threatened to contact someone or share information improperly,6921,1,641,152,2,56,12,2,963
Vehicle loan or lease,Getting a loan or lease,6899,0,1128,445,7,139,13,6,118
"Money transfer, virtual currency, or money service",Money was not available when promised,6812,5,4,14,8,319,101,1,0
Credit card,Incorrect information on your report,6717,0,1841,290,10,26,50,0,111
Bank account or service,"Account opening, closing, or management",6345,82,299,191,8,80,290,9,35
Vehicle loan or lease,Repossession,6266,0,1161,113,5,129,28,8,368
Credit card or prepaid card,"Advertising and marketing, including promotional offers",6103,0,302,25,5,78,73,0,7
Vehicle loan or lease,Struggling to pay your loan,5897,2,679,50,1,97,24,47,109
Credit card,Problem when making payments,5741,17,611,32,9,59,147,1,37
Credit card or prepaid card,Problem with a credit reporting company's investigation into an existing problem,5718,0,741,22,1,22,19,0,17
"Credit reporting, credit repair services, or other personal consumer reports",Credit monitoring or identity theft protection services,5698,5,1755,601,10,64,46,9,74
Credit reporting,Credit reporting company's investigation,5663,1,2487,184,0,130,14,6,108
"Money transfer, virtual currency, or money service","Managing, opening, or closing your mobile wallet account",5519,5,19,33,14,173,1004,0,2
Credit card,"Advertising and marketing, including promotional offers",4747,1,181,19,3,62,44,0,12
Credit card or prepaid card,Trouble using your card,4567,0,513,56,5,55,114,0,14
Consumer Loan,Managing the loan or lease,4511,6,747,25,3,56,17,12,41
"Payday loan, title loan, or personal loan",Charged fees or interest you didn't expect,4369,6,220,34,2,68,40,7,26
Prepaid card,Trouble using the card,4364,0,1,16,9,62,36,0,0
"Payday loan, title loan, personal loan, or advance loan",Charged fees or interest you didn't expect,4181,3,171,26,15,69,30,10,52
Credit card,Trouble using your card,4139,1,343,66,6,47,82,0,11
Debt collection,Electronic communications,4006,0,581,90,1,38,6,1,927
Mortgage,"Application, originator, mortgage broker",3744,0,404,44,1,116,2,184,12
"Money transfer, virtual currency, or money service",Trouble accessing funds in your mobile or digital wallet,3720,0,1,13,12,87,211,0,1
Vehicle loan or lease,Incorrect information on your report,3434,1,1352,120,0,46,31,3,47
Bank account or service,Deposits and withdrawals,3425,106,25,71,39,36,70,0,7
"Money transfer, virtual currency, or money service",Other service problem,3379,1,0,15,6,101,91,0,2
Credit card or prepaid card,Problem with a purchase or transfer,3115,5,7,59,79,91,60,0,0
Credit card,Billing disputes,3102,5,354,21,41,53,67,0,16
Student loan,Can't repay my loan,3057,1,116,1,0,25,1,22,25
Debt collection,Taking/threatening an illegal action,2915,2,347,41,0,24,12,15,249
Debt collection,Improper contact or sharing of info,2908,0,329,36,2,15,5,0,241
"Money transfer, virtual currency, or money service",Confusing or missing disclosures,2613,6,12,14,11,43,100,1,5
Credit card or prepaid card,Incorrect information on your report,2574,1,1016,116,4,36,51,0,26
Credit card or prepaid card,Trouble using the card,2553,0,2,28,11,60,53,0,0
Prepaid card,Problem with a purchase or transfer,2504,1,6,77,104,67,39,0,0
Consumer Loan,Problems when you are unable to pay,2451,6,312,13,0,29,9,13,50
Student loan,Incorrect information on your report,2449,0,1005,66,0,30,8,2,50
Mortgage,Incorrect information on your report,2334,0,854,33,0,41,11,146,15
"Payday loan, title loan, or personal loan",Struggling to pay your loan,2328,3,124,13,1,27,25,12,37
Credit reporting,Unable to get credit report/credit score,2252,1,1380,125,0,16,0,3,4
Mortgage,Settlement process and costs,2248,0,98,9,0,47,2,178,11
"Payday loan, title loan, or personal loan",Problem when making payments,2156,22,210,20,4,72,16,4,16
Bank account or service,Problems caused by my funds being low,2084,475,20,8,14,8,33,0,6
"Payday loan, title loan, personal loan, or advance loan",Problem when making payments,1974,6,138,20,6,53,6,2,55
Credit card,Other,1940,0,453,28,10,18,28,0,38
Credit reporting or other personal consumer reports,Problem with a company's investigation into an existing issue,1876,1,552,159,2,29,8,0,68
Credit card or prepaid card,Unexpected or other fees,1868,2,20,55,34,34,34,0,2
Credit card or prepaid card,Problem getting a card or closing an account,1809,1,32,66,4,47,111,0,1
"Payday loan, title loan, personal loan, or advance loan",Struggling to pay your loan,1740,2,90,10,0,19,2,14,61
Credit card,Identity theft / Fraud / Embezzlement,1722,0,318,278,20,19,31,0,21
"Payday loan, title loan, or personal loan",Problem with the payoff process at the end of the loan,1713,2,130,7,1,42,22,4,20
Credit card or prepaid card,Struggling to pay your bill,1656,0,154,12,0,14,43,1,19
"Credit reporting, credit repair services, or other personal consumer reports",Problem with a company's investigation into an existing issue,1603,1,331,69,2,38,11,1,18
Bank account or service,Using a debit or ATM card,1597,24,23,41,39,21,25,0,3
"Money transfer, virtual currency, or money service",Unexpected or other fees,1591,8,12,8,9,18,36,0,5
Consumer Loan,Taking out the loan or lease,1559,0,253,41,0,20,9,1,9
Credit reporting,Improper use of my credit report,1520,0,828,65,0,12,3,0,13
Credit card,Closing/Cancelling account,1440,0,235,19,2,15,202,0,10
Bank account or service,"Making/receiving payments, sending money",1432,17,39,27,9,28,18,6,6
"Money transfer, virtual currency, or money service",Problem with customer service,1411,3,15,6,1,23,43,1,4
Debt or credit management,Didn't provide services promised,1368,0,249,30,2,41,11,9,40
"Payday loan, title loan, personal loan, or advance loan",Problem with the payoff process at the end of the loan,1332,1,94,3,3,30,14,5,38
Mortgage,Credit decision / Underwriting,1288,0,173,12,0,37,3,75,2
Student loan,Getting a loan,1283,0,161,43,0,7,1,0,14
"Payday loan, title loan, personal loan, or advance loan",Problem with additional add-on products or services,1277,2,80,19,8,36,11,2,21
"Payday loan, title loan, personal loan, or advance loan",Getting the loan,1277,0,163,47,5,34,4,0,9
"Payday loan, title loan, or personal loan",Getting the loan,1256,0,185,27,1,19,5,1,6
Credit card,Struggling to pay your bill,1239,1,94,18,1,12,22,2,30
Prepaid card,Problem getting a card or closing an account,1228,1,15,33,9,34,61,0,1
Prepaid card,Unexpected or other fees,1205,2,12,34,59,12,22,0,2
Vehicle loan or lease,Problem with a credit reporting company's investigation into an existing problem,1133,1,417,3,0,13,0,1,10
"Credit reporting, credit repair services, or other personal consumer reports",Fraud or scam,998,0,288,78,0,19,15,1,13
"Money transfer, virtual currency, or money service",Wrong amount charged or received,991,2,2,4,3,26,9,0,1
Credit card,Customer service / Customer relations,973,3,115,9,3,17,18,0,5
Credit card,Improper use of your report,941,0,389,53,1,6,6,0,31
Credit reporting,Credit monitoring or identity protection,936,1,393,79,0,4,6,0,0
Student loan,Improper use of your report,914,0,178,81,0,8,1,0,30
Credit card,Rewards,900,0,6,2,1,9,28,0,0
Debt or credit management,Confusing or missing disclosures,881,0,165,22,1,10,4,6,55
"Payday loan, title loan, or personal loan",Getting a line of credit,840,0,113,24,2,13,6,0,2
Credit card,Delinquent account,834,0,225,7,2,15,12,1,15
Credit card,Advertising and marketing,818,1,38,6,0,2,3,0,1
Debt or credit management,Charged upfront or unexpected fees,810,1,112,18,3,11,9,6,29
Credit card,APR or interest rate,785,0,20,1,0,5,8,0,0
Credit card,Late fee,771,1,52,1,2,10,18,0,0
"Payday loan, title loan, or personal loan",Incorrect information on your report,765,0,314,57,0,15,11,0,16
Payday loan,Charged fees or interest I didn't expect,752,1,20,2,0,6,3,0,6
"Payday loan, title loan, personal loan, or advance loan",Incorrect information on your report,741,0,282,55,1,10,9,0,20
Debt or credit management,Problem with customer service,721,0,112,16,2,19,12,3,39
Credit card,Credit card protection / Debt protection,712,1,57,16,9,10,9,0,13
"Credit reporting, credit repair services, or other personal consumer reports",Identity theft protection or other monitoring services,684,0,121,58,1,9,4,0,1
Credit card,Transaction issue,681,0,18,2,10,9,8,0,0
"Payday loan, title loan, or personal loan",Problem with additional add-on products or services,679,1,45,13,2,18,14,1,5
"Money transfer, virtual currency, or money service",Confusing or misleading advertising or marketing,664,0,10,3,3,8,10,1,2
Consumer Loan,Shopping for a loan or lease,661,0,176,16,0,7,1,1,0
Mortgage,Problem with a credit reporting company's investigation into an existing problem,658,1,218,3,0,8,0,29,3
Vehicle loan or lease,Improper use of your report,652,0,199,30,3,1,0,0,7
Student loan,Problem with a credit reporting company's investigation into an existing problem,644,0,276,3,0,8,2,0,5
"Money transfer, virtual currency, or money service",Problem adding money,624,0,1,2,1,12,7,0,0
Credit card,Billing statement,620,1,58,7,2,3,9,0,5
Credit reporting or other personal consumer reports,Identity theft protection or other monitoring services,610,0,164,75,0,6,3,0,8
Debt or credit management,Confusing or misleading advertising or marketing,602,0,103,14,3,4,2,6,24
Credit card or prepaid card,Improper use of your report,589,0,167,26,0,4,9,0,4
Vehicle loan or lease,Problem with a company's investigation into an existing problem,566,0,177,20,0,14,4,0,13
Debt or credit management,Unauthorized withdrawals or charges,556,2,98,33,8,5,11,1,33
"Payday loan, title loan, personal loan, or advance loan",Getting a line of credit,550,0,81,18,1,5,1,0,5
Prepaid card,Unauthorized transactions/trans. issues,543,0,0,7,14,14,13,0,1
Mortgage,Problem with a company's investigation into an existing problem,513,0,133,8,1,14,2,23,10
Credit card,Payoff process,513,0,51,3,0,7,7,0,7
"Credit reporting, credit repair services, or other personal consumer reports",Problem with customer service,511,0,148,16,0,14,9,0,2
Money transfers,Fraud or scam,508,0,3,5,1,9,7,1,0
Credit card,Credit determination,506,0,163,8,0,7,10,2,2
Credit card,Other fee,502,1,15,1,2,3,9,0,0
"Credit reporting, credit repair services, or other personal consumer reports",Confusing or misleading advertising or marketing,493,0,112,13,0,5,3,1,3
Credit card,Unsolicited issuance of credit card,491,0,100,23,2,6,10,0,2
"Payday loan, title loan, or personal loan",Received a loan you didn't apply for,476,1,90,53,1,9,1,0,4
Money transfers,Other transaction issues,469,2,1,1,7,6,7,0,1
Student loan,Problem with a company's investigation into an existing problem,457,0,155,17,0,11,1,0,10
Credit card,Credit line increase/decrease,451,0,87,4,1,1,10,0,1
"Payday loan, title loan, or personal loan",Can't contact lender or servicer,436,0,20,10,0,21,3,0,3
"Money transfer, virtual currency, or money service",Lost or stolen money order,416,0,1,4,2,12,13,0,1
Prepaid card,"Managing, opening, or closing account",386,0,6,0,2,6,16,0,0
"Payday loan, title loan, personal loan, or advance loan",Received a loan you didn't apply for,342,1,47,47,2,2,2,0,6
"Credit reporting, credit repair services, or other personal consumer reports",Unexpected or other fees,342,0,129,4,2,10,5,0,1
Mortgage,Improper use of your report,342,0,99,16,0,11,0,4,0
Payday loan,Can't contact lender,339,0,39,6,1,5,1,0,7
Checking or savings account,Incorrect information on your report,338,0,66,48,0,1,24,0,3
"Payday loan, title loan, or personal loan",Can't stop withdrawals from your bank account,324,3,3,2,0,5,4,0,2
"Credit reporting, credit repair services, or other personal consumer reports",Confusing or missing disclosures,322,0,76,12,1,1,7,0,1
"Payday loan, title loan, personal loan, or advance loan",Problem with a company's investigation into an existing problem,315,0,118,29,0,6,1,1,14
Prepaid card,Fraud or scam,310,0,1,6,2,11,5,0,0
"Payday loan, title loan, or personal loan",Loan payment wasn't credited to your account,305,0,32,7,0,6,3,1,3
Credit card,Balance transfer,298,1,16,0,1,3,3,0,0
"Payday loan, title loan, personal loan, or advance loan",Can't stop withdrawals from your bank account,279,1,1,1,3,9,3,0,3
"Payday loan, title loan, personal loan, or advance loan",Can't contact lender or servicer,265,0,23,9,0,16,4,0,6
Money transfers,Money was not available when promised,259,2,0,0,0,3,1,0,0
Credit card,Credit monitoring or identity theft protection services,257,0,59,36,0,2,3,0,5
"Payday loan, title loan, or personal loan",Problem with a credit reporting company's investigation into an existing problem,250,0,100,11,0,2,0,0,1
"Money transfer, virtual currency, or money service",Lost or stolen check,246,0,1,6,0,7,4,0,0
"Payday loan, title loan, personal loan, or advance loan",Improper use of your report,243,0,80,19,0,3,0,0,7
"Payday loan, title loan, or personal loan",Vehicle was repossessed or sold the vehicle,242,0,21,7,0,4,1,1,6
"Payday loan, title loan, or personal loan",Money was taken from your bank account on the wrong day or for the wrong amount,236,8,4,1,2,6,1,0,3
"Payday loan, title loan, or personal loan",Improper use of your report,232,0,88,21,0,2,2,1,2
Credit card or prepaid card,Advertising,223,1,5,13,1,1,0,0,0
Payday loan,Received a loan I didn't apply for,201,0,33,14,0,0,2,0,5
"Payday loan, title loan, personal loan, or advance loan",Vehicle was repossessed or sold the vehicle,196,0,21,4,0,6,0,0,12
"Payday loan, title loan, or personal loan","Was approved for a loan, but didn't receive the money",196,0,16,6,0,5,0,0,1
Checking or savings account,Problem with a company's investigation into an existing problem,192,0,28,27,0,4,15,0,0
"Payday loan, title loan, personal loan, or advance loan",Loan payment wasn't credited to your account,184,0,15,2,0,5,0,1,2
"Payday loan, title loan, personal loan, or advance loan",Money was taken from your bank account on the wrong day or for the wrong amount,182,3,0,0,4,4,2,0,2
Student loan,Credit monitoring or identity theft protection services,181,0,45,15,0,2,0,0,3
Vehicle loan or lease,Credit monitoring or identity theft protection services,165,0,57,19,0,0,1,0,1
Payday loan,Can't stop charges to bank account,159,1,2,0,1,2,3,0,1
"Payday loan, title loan, personal loan, or advance loan",Issues with repayment,159,1,2,1,2,4,4,0,0
"Credit reporting, credit repair services, or other personal consumer reports",Excessive fees,147,1,27,1,0,2,2,0,1
Credit card or prepaid card,Credit monitoring or identity theft protection services,140,0,45,13,0,1,2,0,1
"Payday loan, title loan, personal loan, or advance loan","Was approved for a loan, but didn't receive the money",138,0,6,3,0,0,2,0,2
Prepaid card,Advertising,131,0,0,7,1,3,1,0,2
Money transfers,Other service issues,130,0,2,2,1,1,3,0,0
Checking or savings account,Improper use of your report,126,1,21,7,1,2,1,0,2
Other financial service,Fraud or scam,126,0,11,4,0,0,0,4,2
"Money transfer, virtual currency, or money service","Overdraft, savings, or rewards features",124,4,0,0,0,2,3,0,0
Payday loan,Payment to acct not credited,122,0,12,0,0,1,1,0,2
Checking or savings account,Problem with fraud alerts or security freezes,119,0,10,11,0,1,2,0,1
Student loan,Issue where my lender is my school,107,0,8,2,0,2,0,0,6
Credit card,Problem with fraud alerts or security freezes,107,0,28,11,0,0,1,0,2
Credit card,Application processing delay,107,0,14,1,0,3,0,0,0
Credit card,Privacy,105,0,9,6,0,1,1,0,3
"Payday loan, title loan, or personal loan",Problem with cash advance,104,0,2,5,0,4,4,0,0
Payday loan,Charged bank acct wrong day or amt,102,9,3,0,1,0,1,0,1
"Payday loan, title loan, or personal loan",Credit limit changed,102,2,12,3,0,4,2,1,0
Consumer Loan,Charged fees or interest I didn't expect,100,0,1,0,0,1,0,0,0
Student loan,Issue with income share agreement,100,0,8,0,0,1,0,0,0
