complaint_id,product,sub_product,issue,sub_issue,company,channel,state,timely_response,consumer_disputed,reason_code,matched_phrase,sentence_snippet,narrative_preview,narrative_length
8235233,Credit reporting or other personal consumer reports,Credit reporting,Improper use of your report,Credit inquiries on your report that you don't recognize,"TRANSUNION INTERMEDIATE HOLDINGS, INC.",Web,CA,Yes,N/A,high_urgency_language,Urgent,"Urgent : Disputed Inquiries on Credit Report - Request for Validation Dear TransUnion and Consumer Financial Protection Bureau ( CFPB ), I am writing to express my dissatisfaction with the handling of my recent credit file dispute by TransUnion and to bring to your attention unauthorized inquiries on my credit report.","Urgent : Disputed Inquiries on Credit Report - Request for Validation Dear TransUnion and Consumer Financial Protection Bureau ( CFPB ), I am writing to express my dissatisfaction with the handling of my recent credit file dispute by TransUnion and to bring to your attention unauthorized inquiries on my credit report. 

I have recently submitted a dispute regarding inquiries on my credit file with TransUnion. The inquiries in question, listed below, were not authorized by me : XXXX XXXX XXXX XXXX XXXX XXXX - Inquiry Type : XXXX - XXXX Info : XXXX XXXXXXXX XXXX XXXX XXXX XXXX XXXXXXXX - Contact : XXXX XXXX XXXX XXXX XXXX XXXX XXXX XXXX XXXX XXXX XXXX XXXX  - Inquiry Type : XXXX - XXXX Info : XXXX XXXX XXXX XXXX XXXX XXXX - Contact : XXXX XXXX XXXX XXXX XXXX XXXX XXXX XXXX XXXX XXXX - Inquiry Type : XXXX XXXX XXXX Info : XXXX XXXX XXXX XXXX XXXX XXXX XXXX - Contact : XXXX XXXX XXXX XXXX XX",2153
3727041,"Credit reporting, credit repair services, or other personal consumer reports",Credit reporting,Incorrect information on your report,Information belongs to someone else,"TRANSUNION INTERMEDIATE HOLDINGS, INC.",Web,AR,Yes,N/A,high_urgency_language,as soon as possible,Please remove these accounts from my report as soon as possible.,"I decided to pull my credit because every single time I would apply for a credit card I would get denied. To the best of my knowledge I have always paid my bills on time. So, I know for a fact that these things showing on my report do not belong to me. These accounts were fraudulently made without my consent. Please remove these accounts from my report as soon as possible. XXXX {$3100.00} XXXX  XXXX {$1100.00} XXXX XXXX {$220.00}",433
8226922,Credit reporting or other personal consumer reports,Credit reporting,Problem with a company's investigation into an existing problem,Their investigation did not fix an error on your report,Experian Information Solutions Inc.,Web,GA,Yes,N/A,high_urgency_language,immediately,Please update it immediately.,"I trust this letter finds you well. I am writing to bring to your attention a matter of extreme concern and frustration regarding the persistent issues I have faced in correcting a late open account and the associated late closed and charge-off status on my financial records.

Despite my repeated attempts to address and rectify these issues over the past several months, the challenges persist, negatively impacting my creditworthiness and causing significant stress. I am seeking your immediate attention and resolution to this matter.

Here is a summary of the steps I have taken to address these issues : Despite my continued efforts, the late open account has not been corrected, and the associated late closed and charge-off status remains on my records.

I understand that resolving such matters may take time, but the prolonged nature of this issue has led me to escalate the situation forma",2776
3063440,"Payday loan, title loan, or personal loan",Payday loan,Problem with a credit reporting company's investigation into an existing problem,Their investigation did not fix an error on your report,Ad Astra Recovery Services Inc,Web,TX,Yes,N/A,high_urgency_language,immediately,"I am requesting to have this information forwarded to "" the Attorney General 's Office, and to forward to Federal Trade Commission immediately.","On XX/XX/18, I filed a complaint with Consumer Finance Protection Bureau ; XXXX ( complaint number ), regarding "" Ad Astra Recovery Service '', falsifying information on my credit report that they never "" Validated '' as belonging to me. In their response to the Consumer Finance Protection Bureau, on XX/XX/18 ; Ad Astra Recovery Service, stated they requested to the bureaus to delete from my credit report. They  never deleted this account from my XXXX credit report. This continue to be a "" Fraudulent '' company. I have attached the XXXX  report showing they are telling XXXX to keep this false information on my credit report illegally, according to the "" Fair Debt Collections Practices Act ''. I am requesting to have this information forwarded to "" the Attorney General 's Office, and to forward to Federal Trade Commission immediately.",845
3424418,"Credit reporting, credit repair services, or other personal consumer reports",Credit reporting,Incorrect information on your report,Information belongs to someone else,Experian Information Solutions Inc.,Web,GA,Yes,N/A,high_urgency_language,asap,It is hindering me from obtaining credit and I need this removed asap.,"I have contacted this bureau multiple times requesting an investigation to verify the debt and ask who opened and signed for these accounts. I also ask them to remove these fraudulent accounts reporting in my consumer file that do not belong to me. They have not mailed me any results and have yet to contact me regarding this matter. They are not cooperating with me at all. The accounts listed below were opened in result of identity theft. It is hindering me from obtaining credit and I need this removed asap. The accounts are listed here below. XXXX   XXXX XXXX : XXXX XXXX XXXX XXXX XXXX XXXX XXXX XXXX ( XXXX, XXXX ) XXXX/XXXX : XXXX XXXX/XXXX : XXXX XXXX XXXX/XXXX : XXXX XXXX/XXXX XXXX XXXX XXXX XXXX XXXX : XXXX XXXX XXXX/XXXX XXXX : XXXX XXXX : XXXX Dept of ED : XXXX ( XXXX ), ( XXXX ), ( XXXX ), ( XXXX ), ( XXXX ) Bankruptcy XXXX XXXX XXXX : XXXX XXXX  : XXXX XXXX/XXXX XXXX Dept of Ed ",1004
3619130,Mortgage,Conventional home mortgage,Struggling to pay mortgage,,RUSHMORE LOAN MANAGEMENT SERVICES LLC,Web,AL,Yes,N/A,high_urgency_language,critical,They need to be required to staff appropriately to meet the needs of their customers during this critical time.,"Rushmore Loan management XXXX will not permit applying for loan modification online and direct you to call. However, they do not answer the phone and the phone directs you to go online. 

I have spent hours trying to reach this company to no avail. Many times they tell you to call back during business hours but it is during business hours. 
Rushmore recently bought my loan from XXXX and they are a sham! 

They need to be required to staff appropriately to meet the needs of their customers during this critical time. 

It is unacceptable to just ignore refinancing, loan modification and other needs of customers.",617
3191826,"Credit reporting, credit repair services, or other personal consumer reports",Credit reporting,Incorrect information on your report,Information belongs to someone else,"EQUIFAX, INC.",Web,NM,Yes,N/A,high_urgency_language,immediately,"Hi, I am a victim of identity theft, and I am requesting that all of the information be removed or blocked immediately.","Hi, I am a victim of identity theft, and I am requesting that all of the information be removed or blocked immediately. The attached report from identitytheft.gov is included.",175
3460004,Debt collection,Credit card debt,Attempts to collect debt not owed,Debt was result of identity theft,CAPITAL ONE FINANCIAL CORPORATION,Web,CA,Yes,N/A,high_urgency_language,as soon as possible,"My proper request mustover, I was never 30 days/60 days/120 days late in any of my payments and I'm not greatly tuned in to the date opened so I prefer to ask you be investigated as soon as possible and confirmed to be correct.","This particular account situation that is lately filing on my own credit document has a seriously unfavorable relation to my personal ability to obtain a present loan application. I highly recommend you generate verification that Credit Union has been reported completely in accordance with the Fair Credit Reporting Act regulations, it's really a serious problem to misreport. Moreconfirmation of the aforesaid item too. My proper request mustover, I was never 30 days/60 days/120 days late in any of my payments and I'm not greatly tuned in to the date opened so I prefer to ask you be investigated as soon as possible and confirmed to be correct. Thanks!",657
3192968,Debt collection,Medical debt,Written notification about debt,Didn't receive enough information to verify debt,The Law Offices of Mitchell D. Bluhm & Associates,Web,FL,Yes,N/A,high_urgency_language,as soon as possible,I would like to request to pay attention to this matter and help me to resolve this issue as soon as possible.,"My FICO score drop to XXXX from XXXX suddenly on XXXX and when I search for "" WHY '' i got notify from the bank to go for a credit report at XXXX which I did got the report. Per report- a Debt collection account opened on XXXX with a balance amount of {$170.00} which I didn't aware of that. I contacted with them and got replied- they sentmailed me and also call my cell-phone number but none of the calls or even letter I didn't received from them not even any debt related noticed. I moved from my old address to the new address on XXXX. I did the address change at USPS at the same time when I already moved and I received all my mailed that delivered to the old address and still continuing receiving but again- I didn't received any mail or noticed related with Debt collection. However, when I verified my address with the collection department they have my current address. 

NOTE : I didn't ",1256
8237858,Credit reporting or other personal consumer reports,Credit reporting,Problem with a company's investigation into an existing problem,Investigation took more than 30 days,Experian Information Solutions Inc.,Web,CA,Yes,N/A,high_urgency_language,immediately,"Section 611 ( a ), it is plainly stated that a failure to investigate these items within 30 days gives a reason to immediately remove those items from my credit report it has been over 30 days so they should be deleted promptly.","I sent a letter regarding inaccurate and unknown things on my credit report. To this day over 30 days later I have not received a response yet. I feel like I'm being taken advantage of and being ignored of my disputes. Section 611 ( a ), it is plainly stated that a failure to investigate these items within 30 days gives a reason to immediately remove those items from my credit report it has been over 30 days so they should be deleted promptly. I demand these accounts be deleted immediately or I will file for litigation due to the stress you caused me. My information was also impacted by the XXXX, Experian and XXXX data breach and may have got into the hands of the wrong person.",686
3559709,Credit card or prepaid card,General-purpose credit card or charge card,Fees or interest,Problem with fees,JPMORGAN CHASE & CO.,Web,CT,Yes,N/A,high_urgency_language,immediately,I immediately sent Chase a message via their secure messaging center asking them to remove the erroneous fee.,"On XX/XX/2020 I booked a hotel in XXXX that required full prepayment. Before making the purchase, I logged into my Chase credit card account to do research about whether my account charged foreign transaction fees or not. The decision I would make on which credit card to use for my purchase was contingent on this information. 

I logged into the website and, while still logged into my account, I navigated to the "" Things You Can Do '' menu, selecting "" Card Benefits '' as the option. 

Doing this opened a new window, seemingly outlining all of the benefits of my card ( since this was auto-navigated from the card benefits section of my logged-in menu selection ). 

From there, I continued my research selecting "" Travel Benefits '' from the page 's menu. Upon clicking that option, the first benefit highlighted was "" {$0.00} Foreign Transaction Fees ''. Upon reading this, I decided to use m",2579
3077018,Mortgage,FHA mortgage,Trouble during payment process,,"SUNTRUST BANKS, INC.",Web,VA,Yes,N/A,high_urgency_language,immediately,I immediately made the payment for XXXX and XXXX.,"SYNOPSIS OF COMPLAINT : We believe that Suntrust Mortgage violated Regulation Z, section 226.36 by failing to credit the payment we made on XX/XX/XXXX via their website. Section 226.36 ( c ) requires loan servicers to credit a payment to a consumer 's loan account as of the date it is received. 

Our records indicate that Suntrust Bank received our payment on XX/XX/XXXX and is confirmed with the following confirmation message XXXX that we received via email on XX/XX/XXXX : "" This is your confirmation notification that you have successfully submitted a Make a One-Time  Payment request in the amount of {$1400.00} effective XX/XX/XXXX. Please ensure that you have funds available on that date in your account. You must contact Client Services to cancel or stop this draft. '' When we made a second payment through the portal on their website on the same day, Suntrust Bank subsequently canceled ",4465
13337083,Credit reporting or other personal consumer reports,Credit reporting,Incorrect information on your report,Information belongs to someone else,Experian Information Solutions Inc.,Web,MS,Yes,N/A,high_urgency_language,as soon as possible,I would like these items deleted from my credit report as soon as possible.,"I am writing to have the following information removed from my credit file, the items that I need deleted are going to be attached in a word document. I am a victim of identity theft. I have multiple accounts and inquiries that I DID NOT apply for listed on my credit report. I ask that these items be deleted so my credit report will only show accurate information. I reported the theft of my identity to the Federal Trade Commission and have enclosed copies of the report. I would like these items deleted from my credit report as soon as possible. Please block this information from my credit report, pursuant to section 605B of the Fair Credit Reporting Act.",662
6305546,"Credit reporting, credit repair services, or other personal consumer reports",Credit reporting,Problem with a credit reporting company's investigation into an existing problem,Was not notified of investigation status or results,Experian Information Solutions Inc.,Web,,Yes,N/A,high_urgency_language,asap,I request these accounts to be deleted from my credit asap or I will take legal action and hire a lawyer.,A few weeks ago I sent letters to all XXXX credit bureaus regarding some items on my credit report which I know are not accurate which is a violation of the FCRA and FDCPA and you must abide by the law. Everything I have provided in my letters is true and accurate to my knowledge. Ive received emails and letters saying Im using a 3rd party which is incorrect because I am the one sending my letters out and filing this complaint with no help from a credit repair company or 3rd party. The CRAs are in violation of my rights due to not providing a notice of dispute and for failure to communicate to me that I disputed stuff on my credit. I request these accounts to be deleted from my credit asap or I will take legal action and hire a lawyer. I want to purchase a house soon and this holding me back.,803
8131360,Credit reporting or other personal consumer reports,Credit reporting,Problem with a company's investigation into an existing problem,Their investigation did not fix an error on your report,"CAINE & WEINER COMPANY, INC.",Web,TX,Yes,N/A,high_urgency_language,immediately,Remove this account from my credit report immediately or I will proceed with legal action being that I have given your company ample amount of time to fix this error.,"This is regarding complaint XXXX. The original creditor was contacted and could not furnish information being alleged by the collection agency Caine & Weiner. Furthermore, I received no communication by mail leading up to the reporting of this collection account. This account was added to my records in XX/XX/XXXX. Also, I formally requested a copy of the correspondence that was supposedly mailed to me during that time informing me of this debt with your company, the forward flow agreement, the contract bearing my signature, and your license to collect debt in the state of TX. I submitted the aforementioned account in XX/XX/XXXX. It is now XX/XX/XXXX and you have failed to provide any of the requested information to support your claim. Failure to provide this documentation constitutes yet another violation under the FDCPA, which entitles me to seek {$1000.00} per violation. It is also imp",1212
7946435,Credit card,General-purpose credit card or charge card,Incorrect information on your report,Account status incorrect,"EQUIFAX, INC.",Web,TN,Yes,N/A,high_urgency_language,urgent,Requesting an urgent update to accurately depict this history.,My commitment to on-time payments is unwavering for these accounts. Requesting an urgent update to accurately depict this history.,130
7963374,Credit reporting or other personal consumer reports,Credit reporting,Improper use of your report,Reporting company used your report improperly,Experian Information Solutions Inc.,Web,PA,Yes,N/A,high_urgency_language,immediately,"Also, I demand that Experian shows proof that I gave my written consent for the accounts above to be reported if Experian can not do such I Demand these accounts be removed immediately.","In accordance with the Fair Credit Reporting act. The List of accounts below has violated my federally protected consumer rights to privacy and confidentiality under 15 USC 1681. 

XXXX XXXX XXXX XXXX XXXX XXXX XXXX, AZ XXXX XXXX XXXX XXXX XXXX XXXX XXXX XXXX, MN XXXX XXXX XXXX XXXX XXXX XXXX XXXX XXXX XXXX XXXX XXXX WI XXXX XXXX  has violated my rights.

15 U.S.C 1681 section 602 A. States I have the right to privacy.

15 U.S.C 1681 Section 604 A Section 2 : It also states a consumer reporting agency can not furnish a account without my written instructions 15 U.S.C 1681c. ( a ) ( 5 ) Section States : no consumer reporting agency may make any consumer report containing any of the following items of information Any other adverse item of information, other than records of convictions of crimes which antedates the report. Also, I demand that Experian shows proof that I gave my written cons",1017
3635948,"Credit reporting, credit repair services, or other personal consumer reports",Credit reporting,Incorrect information on your report,Information belongs to someone else,Experian Information Solutions Inc.,Web,AR,Yes,N/A,high_urgency_language,immediately,"I immediately knew my identity had been stolen, I got nine and made an account with XXXX XXXX  and got a copy of my report.","My bank called me to inform me that there was a unknown charge on my account. They wanted to verify if it was mine and they were correct it did not belong to me. Later that same day I received a call from one of my credit card providers stating the same thing. I immediately knew my identity had been stolen, I got nine and made an account with XXXX XXXX  and got a copy of my report. For years my name, birthday, and social security number was used to open accounts that are not mine. Please remove these items from my report. 

XXXX XXXX XXXX XXXX XXXX {$17000.00} XXXX  XXXX XXXX {$5100.00} BANKRUPTCY CHAPTER XXXX XXXX {$0.00}",630
3401022,"Credit reporting, credit repair services, or other personal consumer reports",Credit reporting,Incorrect information on your report,Public record information inaccurate,Experian Information Solutions Inc.,Web,IL,Yes,N/A,high_urgency_language,immediately,"I immediately called the XXXX credit card department at XXXX and spoke with XXXX, got disconnected and later spoke with XXXX, both on XXXX XX/XX/2019, at XXXX XXXX   through XXXX XXXX I asked XXXX for the main reason of denial for the credit card.","I applied for a XXXX Credit card and was denied credit. I immediately called the XXXX credit card department at XXXX and spoke with XXXX, got disconnected and later spoke with XXXX, both on XXXX XX/XX/2019, at XXXX XXXX   through XXXX XXXX I asked XXXX for the main reason of denial for the credit card. She stated I had an 18-year-old Bankruptcy against XXXX, that account in question was charged off through the bankruptcy as bad debt, however, XXXX XXXX XXXX recovered most of the money through federal subsidies. Furthermore, it is against the Consumer Credit Protection Act of 1968. to use information no longer listed on my current credit report. I told XXXX that I was only looking for a {$2500.00} credit limit and XXXX had no business using old records on file. It took me over ten years to clear the bankruptcy on file and that alone can not be used against me to deny me credit. My credit ",1277
7965055,Credit reporting or other personal consumer reports,Credit reporting,Improper use of your report,Reporting company used your report improperly,"EQUIFAX, INC.",Web,NY,Yes,N/A,high_urgency_language,immediately,"I need the transactions reporting as late, collection/charge-off status and any other derogatory information deleted from my consumer reports effective immediately.","15USC 1681 a ( d ) ( 2 ) ( A ) ( i ) clearly states that transactions between the consumer and the Person/Corporation making the report is NOT included on the consumer reports. Yet XXXX is reporting this information.. The reporting of excluded information pursuant to 15USC 1681 a ( d ) ( 2 ) ( A ) ( i ) on a consumer report is a clear violation of Metro2 compliance. Provide me with the Metro2 compliance disclosure on reporting transactions to a consumer reporting agency. I need the transactions reporting as late, collection/charge-off status and any other derogatory information deleted from my consumer reports effective immediately. Before you think to reply that this account has been "" validated ', let 's be clear that I am not asking you to validate or verify anything. So please do not respond by telling me that as a tactic to waste my valuable time. Some of the negative accounts have ",1553
3276960,"Credit reporting, credit repair services, or other personal consumer reports",Credit reporting,Incorrect information on your report,Information belongs to someone else,"TRANSUNION INTERMEDIATE HOLDINGS, INC.",Web,MO,Yes,N/A,high_urgency_language,immediately,"These accounts are not mines, not sure if they are mixed up with someone with a close name or just an clerical mistake ..but please remove these accounts immediately.","These accounts are not mines, not sure if they are mixed up with someone with a close name or just an clerical mistake ..but please remove these accounts immediately. 

1 ) XXXX XXXX {$1000.00} 2 ) XXXX XXXX XXXX {$83.00} 3 ) XXXX XXXX 4 ) XXXX XXXX  5 ) XXXX XXXX",264
3347779,"Credit reporting, credit repair services, or other personal consumer reports",Credit reporting,Incorrect information on your report,Account status incorrect,Experian Information Solutions Inc.,Web,PA,Yes,N/A,high_urgency_language,as soon as possible,I called as soon as possible and that was on XX/XX/XXXX.,"After graduating from my XXXX at XXXX, my student loans were serviced through XXXX. When I obtained employment that qualified me for Public Service Loan Forgiveness, I was notified that my loans would be transferred to XXXX XXXX for servicing due to this program in XX/XX/2018. In XX/XX/2018, I contacted XXXX XXXX to begin the process of being approved for the programming. I was told that my account would be placed in Forbearance/Deferment while I gathered the appropriate documentation from my employer and concerning my income to be considered for the Income Driven Repayment Plan and Public Service Student Loan Forgiveness. I had the documentation completed by my employer and sent to the provided agency. I thought everything was taken care of and my payment would be $XXXX. In late XX/XX/XXXX, I received notification that I had a monthly bill of over $1000 due to XXXX XXXX in XX/XX/XXXX. I",3485
8275169,Credit reporting or other personal consumer reports,Credit reporting,Incorrect information on your report,Information belongs to someone else,"TRANSUNION INTERMEDIATE HOLDINGS, INC.",Web,TX,Yes,N/A,high_urgency_language,as soon as possible,I have a security lock on my credit report and I was not alerted to this information being authorized on my reports and I am insisting that they be deleted from my credit report as soon as possible.,"To whom it may concern, I have recently discovered that there is unauthorized information in my name being used on my credit reports and would like to file a dispute. This information is unauthorized and I did not approve it to reflect on my credit reports. I believe I may be a victim of identity theft. I have a security lock on my credit report and I was not alerted to this information being authorized on my reports and I am insisting that they be deleted from my credit report as soon as possible. These items are fraudulent and impacting my relationships with creditors. I have reported the theft of my identity to the Federal Trade Commission, please review the enclosed copies of the Federal Trade Commissions Identity Theft Affidavit in regard to this incident. In addition, I have attached a PDF document reflecting all items that were found to be unauthorized by any such. Please investig",1505
3309069,Mortgage,Conventional home mortgage,Closing on a mortgage,,TD BANK US HOLDING COMPANY,Web,NJ,Yes,N/A,high_urgency_language,immediately,"Over the same approximate 1-month period, I left 11 voicemail phone messages ( no phone calls were ever answered immediately ).","On XX/XX/19, I e-signed an Intent to Proceed notice with TD Bank for a mortgage loan. The closing date for this transaction was scheduled for XX/XX/19. My attempts to communicate with the loan officer and loan processor since signing the Intent to Proceed have been largely unsuccessful resulting in missed deadlines and a failure to meet the original closing date. Between XX/XX/19 and XX/XX/19, I sent 6 emails to my loan officer and/or loan processor and not a single one was replied to. Over the same approximate 1-month period, I left 11 voicemail phone messages ( no phone calls were ever answered immediately ). Only three of my calls were returned. I received a conditional approval on XX/XX/19 from the lender. I submitted the required documentation to the best of my ability with minimal to no guidance provided by the lender. Due to lender 's failure to respond to my attempted outreach, a",2681
3552658,"Credit reporting, credit repair services, or other personal consumer reports",Credit reporting,Incorrect information on your report,Account status incorrect,Experian Information Solutions Inc.,Web,CA,Yes,N/A,high_urgency_language,immediately,We immediately contacted XXXX  and requested information on assistance or options to avoid losing our home and were directed to apply to loss mitigation.,"I am a XXXX  XXXX Veteran with a VA mortgage with XXXX XXXX. We have never been late or missed a mortgage payment. On XX/XX/XXXX, my families home was completely destroyed in a fire, unrelated to a Federal Declaration. Upon inspection we were informed that the home would take upwards of a year to be rebuilt and due to misinformation given by XXXX  insurance department we found out that we lacked homeowners insurance and are responsible for paying for the rebuild out of pocket. We immediately contacted XXXX  and requested information on assistance or options to avoid losing our home and were directed to apply to loss mitigation. We submitted the application and documentation due to the extreme hardship and additional costs related to rebuilding our home, paying for temporary housing in the interim and replacing everything in the interim. We were approved for a special forbearance plan eff",1774
3693066,"Credit reporting, credit repair services, or other personal consumer reports",Credit reporting,Problem with a credit reporting company's investigation into an existing problem,Was not notified of investigation status or results,"EQUIFAX, INC.",Web,TX,Yes,N/A,high_urgency_language,as soon as possible,There are items on my credit that needs to be removed as soon as possible.,"I was trying to cosign for my mom a vehicle, and the car salesman told me my credit was low. I told him to show me my report and print me out a copy. There are items on my credit that needs to be removed as soon as possible. These items are fraudulent accounts/items. XXXX XXXX XXXX. Credit Inquiries : XXXX XXXX XXXX XXXX XXXX XXXX XXXX XXXX XXXX XXXX XXXX XXXX XXXX XXXX XXXX XXXX XXXX XXXX XXXX XXXX XXXX XXXX XXXX XXXX XXXX XXXX XXXX XXXX XXXX XXXX XXXX XXXX XXXX XXXX XXXX XXXX XXXX XXXX XXXX XXXX XXXX XXXX XXXX XXXX XXXX XXXX XXXX XXXX XXXX XXXX XXXX 

I have contacted the FTC and my local police and I am doing this on my own behalf. Please remove these from my report.",678
7939651,Credit reporting or other personal consumer reports,Credit reporting,Incorrect information on your report,Information belongs to someone else,"EQUIFAX, INC.",Web,NC,Yes,N/A,high_urgency_language,ASAP,I demand that you delete the items above ASAP.,"Dear Equifax I see that you verified the account listed below : XXXX | XX/XX/2023 : Account number : N/A, Balance is wrong. It should not be that amount. It should be zero. The bureau code information needs to be fixed quickly. 

XXXX XXXX : Account number : XXXX, Balance is wrong. It should not be that amount. It should be zero. The bureau code information needs to be fixed quickly. 

I just finished reviewing the FCRA and it stated that your company was supposed to respond to my disputes within 30 days. What happened? It also stated that if you can provide a timely response, the items in question must be deleted. I demand that you delete the items above ASAP. If you choose not to follow what the FCRA states, I will seek legal advice on this matter. Please send me an updated credit report with all items listed above deleted.

I know you will do the right thing. Im just a person just lik",1124
7977630,Credit reporting or other personal consumer reports,Credit reporting,Incorrect information on your report,Account information incorrect,"EQUIFAX, INC.",Web,TX,Yes,N/A,high_urgency_language,immediately,"The FOLLOWING accounts allegations are either UNTRUE, XXXX, INCORRECT, INCOMPLETE, UNTIMELY, NOT MINE, NOT MY RESPONSIBILITY, or otherwise NOT PROVEN COMPLIANT to reg|ulatory federal reporting laws and or standards and MUST be removed immediately The infractions are as follows : LOWBOX and XXXX is reported as having a late payment my credit report : XXXX has XXXX and XXXX of XXXX paid but then XXXX has XXXX and 60 days late.","XXXX Equifax XXXX I recently reviewed my credit profile and noticed inaccuracies and/or incomplete information, and accounts that are Un-Verified.

According to the Fair Credit Reporting Act, Section 611 ( 5 ) ( A ) of the FCRA- you are required to promptly DELETE all information that is inaccurate, incomplete, or which can not be verified.

It is also my understanding that Under the FCRA 15 U.S.C. 1681i, every single one even each any or all of the unproven, non-compliant, incomplete, untrue, incorrect, and or unverified aspects of any alleged derogatory accounts must be promptly negated to be completely deleted. 
The FOLLOWING accounts allegations are either UNTRUE, XXXX, INCORRECT, INCOMPLETE, UNTIMELY, NOT MINE, NOT MY RESPONSIBILITY, or otherwise NOT PROVEN COMPLIANT to reg|ulatory federal reporting laws and or standards and MUST be removed immediately The infractions are as follows",1508
3697768,"Credit reporting, credit repair services, or other personal consumer reports",Credit reporting,Problem with a credit reporting company's investigation into an existing problem,Their investigation did not fix an error on your report,"Convergent Resources, Inc.",Web,FL,Yes,N/A,high_urgency_language,IMMEDIATELY,HIS COMPANY HAS REPORTED A NEGATIVE AND INVALID COLLECTION ACCOUNT ON MY CREDIT REPORT CAUSING SEVERE DAMAGE TO MY CREDIT SCORE STOPING ME FROM PURCHASING A HOUSE AND I NEED IT REMOVED IMMEDIATELY!,"HIS COMPANY HAS REPORTED A NEGATIVE AND INVALID COLLECTION ACCOUNT ON MY CREDIT REPORT CAUSING SEVERE DAMAGE TO MY CREDIT SCORE STOPING ME FROM PURCHASING A HOUSE AND I NEED IT REMOVED IMMEDIATELY! THIS ACCOUNT IS NOT MINE! 
THIS IS MY SECOND TIME CONTACTING THIS COMPANY AND THEY HAVE NOT FIXED THE ISSUE. For months this company has been reporting inaccurate, unverifiable, erroneous things on my credit report and I am sick of it!! This company is reporting NEGATIVE and INVALID information on my credit report and is severely affecting my credit score. The account information that this company is providing can not be proven because they do not have the original signed document saying that I owe them a debt which is A direct violation of my CIVIL RIGHTS according to the FCRA section 609. This company must remove their account from my credit reports immediately and permanently. A DELETION OF",2499
3554997,Mortgage,Conventional home mortgage,Trouble during payment process,,"HUNTINGTON NATIONAL BANK, THE",Web,MI,Yes,N/A,high_urgency_language,immediately,"Please see my response to Huntington via the CFPB site : Complaint # XXXX Huntington continues to : - Charge me for interest incorrectly due to their negligence - Misapply funds that should be applied per my direction that they hold illegally in Escrow - Communicate that a scheduled subsequent refund XXXX XXXX will be received by Huntington, not my wife and I, and they will immediately hold that money in Escrow","Please see my response to Huntington via the CFPB site : Complaint # XXXX Huntington continues to : - Charge me for interest incorrectly due to their negligence - Misapply funds that should be applied per my direction that they hold illegally in Escrow - Communicate that a scheduled subsequent refund XXXX XXXX will be received by Huntington, not my wife and I, and they will immediately hold that money in Escrow",414
8270842,Credit reporting or other personal consumer reports,Credit reporting,Problem with a company's investigation into an existing problem,Their investigation did not fix an error on your report,"TRANSUNION INTERMEDIATE HOLDINGS, INC.",Web,TX,Yes,N/A,high_urgency_language,as soon as possible,I'm hoping that this disputed account will be fixed as soon as possible XXXX XXXX,"I appreciate you making an effort to update and repair some of the data on my credit report, but there is still an account that needs to be fixed. The Credit Bureaus must verify this account by Sections 609 ( a ) ( 1 ) ( A ) and 611 ( a ) ( 1 ) ( A ). I'm hoping that this disputed account will be fixed as soon as possible XXXX XXXX",333
3609775,"Credit reporting, credit repair services, or other personal consumer reports",Credit reporting,Incorrect information on your report,Information belongs to someone else,"TRANSUNION INTERMEDIATE HOLDINGS, INC.",Web,IL,Yes,N/A,high_urgency_language,AS SOON AS POSSIBLE,I AM ASKING THAT A THOROUGH INVESTIGATION TAKES PLACE SO THAT THESE ACCOUNTS AND INQUIRIES CAN BE DELETED AND REMOVED FROM MY CREDIT AS SOON AS POSSIBLE.,I HAVE REVIEWED MY CREDIT REPORT AND FOUND SOME INACCURATE ACCOUNTS AND ENTRIES IDENTIFIED AS INQUIRIES THAT HAS BEEN REPORTING ON MY CREDIT WITHOUT MY KNOWLEDGE. I HAVE NOT AUTHORIZED NONE OF THESES TRANSACTIONS AND I HAVE NO IDEA AS TO HOW THEY GOT ON MY CREDIT. I AM ASKING THAT A THOROUGH INVESTIGATION TAKES PLACE SO THAT THESE ACCOUNTS AND INQUIRIES CAN BE DELETED AND REMOVED FROM MY CREDIT AS SOON AS POSSIBLE.,418
8185228,Credit reporting or other personal consumer reports,Credit reporting,Problem with a company's investigation into an existing problem,Their investigation did not fix an error on your report,"TRANSUNION INTERMEDIATE HOLDINGS, INC.",Web,GA,Yes,N/A,high_urgency_language,immediately,"In the absence of any such documentation, I demand that this information be immediately removed from the credit file you maintain under my Social Security Number.","This is my final communication regarding your claim that the information below has been verified and that the information being reported by the furnishers is accurate. 

XXXX XXXX XXXX XXXX XXXX XXXX XXXX XXXX XXXX XXXX XXXX XXXX XXXX XXXXXXXX XXXX XXXX XXXX XXXX XXXX XXXX XXXX I have repeatedly asked for evidence to support your reporting, but you have failed to provide me a copy of valid and viable evidence provided by the above-named furnisher ( s ). 

Furthermore, I have requested your method of verification and you have not complied, which is an additional violation of the Fair Credit Reporting Act 611 ( a ) ( 7 ). 

In the absence of any such documentation, I demand that this information be immediately removed from the credit file you maintain under my Social Security Number. 

Attached is the dispute letter which is dated and time stamped. 

Remove the aforementioned accounts due ",1286
3480800,"Credit reporting, credit repair services, or other personal consumer reports",Credit reporting,Problem with a credit reporting company's investigation into an existing problem,Their investigation did not fix an error on your report,"TRANSUNION INTERMEDIATE HOLDINGS, INC.",Web,NY,Yes,N/A,high_urgency_language,immediately,please resolve this issue immediately.,"i am filing this complaint because XXXX, transunion, and XXXXhas ignored my request to provide me with the documents that their company has on file that was used to verify the accounts i disputed. being that they have gone past the 30 day mark and can not verify these account under section 611 ( 5 ) ( a ) of the fcra - they are required to promptly delete all information which can not be verified that i have disputed. please resolve this issue immediately.",460
3340700,Student loan,Private student loan,Dealing with your lender or servicer,Problem with customer service,"Navient Solutions, LLC.",Web,NY,Yes,N/A,high_urgency_language,immediately,'' I immediately asked to speak with someone else that was not rude but instead received a phone call from an unhappy woman that continually accused me of never wanting to pay back my loans.,"On or about XX/XX/2019, Navient sent me notice indicating it had "" recently received notice that you filed for bankruptcy '' and requested I send information regarding the First Meeting of Creditors. I don't know where they received information that I had filed for bankruptcy. 

On XX/XX/2019, the phone calls began. Some man with an accent started calling ( XXXX ) or something like that. He is unable to understand what I say to him - often misinterpreting what I say and then accusing me of lying to him afterward. 

On XX/XX/2019, I had enough, I laughed at the information he said back to me because I said none of those things. He said "" I don't understand how you live your life, last time we talked you were crying and today you are laughing. '' I immediately asked to speak with someone else that was not rude but instead received a phone call from an unhappy woman that continually accused",1580
8155328,Checking or savings account,Savings account,Closing an account,Funds not received from closed account,CAPITAL ONE FINANCIAL CORPORATION,Web,NY,Yes,N/A,high_urgency_language,immediately,"After speaking to a representative I was informed Capital One would be "" terminating the relationship '' and my accounts would be closed immediately.","Hello, My checking and savings accounts with Capital One were first restricted on XX/XX/XXXX. I called Capital One the same day. They informed me my account was restricted due an issue with XXXX payments. They removed the restriction and I was able to use the accounts again. 

XXXX days later on XX/XX/XXXX my accounts were restricted again. After speaking to a representative I was informed Capital One would be "" terminating the relationship '' and my accounts would be closed immediately. I was told I would receive a check in the mail with my balance within 1-2 weeks. The total balance of my funds with Capital One is around ~ {$8000.00}. 

On XX/XX/XXXX I received an email from Capital One stating I would receive my balance within "" 7-10 business days ''. I have included the email in my complaint. 

On XX/XX/XXXX I called and was informed there is suddenly an ongoing "" investigation '' of",1745
3325173,Mortgage,Conventional home mortgage,Applying for a mortgage or refinancing an existing mortgage,,WELLS FARGO & COMPANY,Web,IL,Yes,N/A,high_urgency_language,immediately,"Wells Fargo agents are trained by their direct managers to suggest moving the funds to the new account in order to get the discount, and then immediately transferring the funds back after closing ( manipulating the process ) and winning jumbo loan business.","Wells Fargo offers various rate discounts to their jumbo loan products by selling a deposit account from {$250000.00} - $ XXXX. 

Wells Fargo agents are trained by their direct managers to suggest moving the funds to the new account in order to get the discount, and then immediately transferring the funds back after closing ( manipulating the process ) and winning jumbo loan business. 

I would think this is a fair lending issue. I would love to transfer {$10000.00} to Wells Fargo in order to get XXXX of my {$300000.00} mortgage. 

Another example of Wells Fargo proving inconsistent service based on redlining",616
8019470,Credit reporting or other personal consumer reports,Credit reporting,Improper use of your report,Reporting company used your report improperly,Experian Information Solutions Inc.,Web,FL,Yes,N/A,high_urgency_language,as soon as possible,I am requesting that you fix this issue as soon as possible because it will affect me financially in the future if left unchecked!,"My consumer rights are being violated with this inaccurate information! I have a right to be treated fairly by those who control it, so please provide me all available details on how they came up short in their responsibilities towards accuracy and compliance.I am officially challenging you to review your data on file for me! With the Fair Credit Reporting Act ( FCRA ) section 611 ( 15 U S C 1681I ) and Metro 2 compliance standards, I challenge all inaccuracies or deficiencies of reporting.The credit report I received was not accurate, which surprises me because you should be adhering to the FCRA and applicable Metro 2 data field formatting standards.OK, so here 's my challenge for you : Make a document that shows all of the evidence and sends it to me. It should be verified, complete with sources! The 2020 CRRG states that any deviation from these standards jeopardizes the integrity of ",1545
3647114,"Credit reporting, credit repair services, or other personal consumer reports",Credit reporting,Problem with a credit reporting company's investigation into an existing problem,Was not notified of investigation status or results,"EQUIFAX, INC.",Web,TX,Yes,N/A,high_urgency_language,emergency,"I made an attempt to file a police report, but I was informed by my county that it did not constitute as an emergency and that they would not file the report because I didn't have any information on the person who used my information, nor did I know how my information was obtained by this person.","Dear Legal Department, This credit dispute is being submitted as a new evidence dispute. The accounts that are being disputed, does not belong to me. Below is my sworn statement concerning these credit issues. 

It is my sworn statement that I declare under penalty of perjury ( "" under the laws of the United States "" if executed outside of the United States '' ) that the foregoing is true and correct to the best of my knowledge. Further, I certify that I am qualified and authorized to file this dispute. I also understand that knowing and a willful misstatement or omissions of material facts constitutes a federal criminal violation punishable under 18 U.S.C. 1001. Additionally, these misstatements are punishable l1S perjury under 18U.S.C. 1621. 

The tradelines listed below are items currently within my credit file, and none of these are related to any transaction that was made by me. It ",3188
3390164,Credit card or prepaid card,General-purpose credit card or charge card,Getting a credit card,Card opened as result of identity theft or fraud,AMERICAN EXPRESS COMPANY,Web,MD,Yes,N/A,high_urgency_language,immediately,"If you do not comply with this request, I will immediately file a complaint with the Federal Trade Commission and Attorney Generals office.","These are fraudulent collection opened by someone who stole my identity. 
Pursuant to the Fair Debt Collection Practices Act, Section 809 ( b ), Validating Debts : If the consumer notifies the debt collector in writing within the thirty-day period described in subsection ( a ) that the debt, or any portion thereof, is disputed, or that the consumer requests the name and address of the original creditor, the debt collector shall cease collection of the debt, or any disputed portion thereof, until the debt collector obtains verification of the debt or any copy of a judgment, or the name and address of the original creditor, and a copy of such verification or judgment, or name and address of the original creditor, is mailed to the consumer by the debt collector. ( Emphasis added ) Therefore I am disputing this debt because I do not owe it.

Because I am disputing this debt, you should not r",3747
4329943,"Money transfer, virtual currency, or money service",Domestic (US) money transfer,Fraud or scam,,"BANK OF AMERICA, NATIONAL ASSOCIATION",Web,PA,Yes,N/A,high_urgency_language,immediately,"Noting the telephone number from the "" agent '', I immediately called Bank of America 's XXXX Fraud department and provided them with all the information.","On XX/XX/2021, my husband received an email from XXXX indicating that his account had been compromised and asked that he call a given telephone number for assistance. My husband called the telephone listed on the email and spoke to an agent who gave him several confusing explanations as to what and how his account had been compromised, none of which made sense to him. My husband became suspicious and told them that he was going to contact our bank, Bank of America, but the agent insisted that he not call the bank because they would not help us with his XXXX account. Further, the agent insisted that he transfer money to them to resolve the issue. Not knowing whether to believe this person or not, my husband asked me to help him, thus I took over communications with this agent. I was also given confusing explanations and warnings not to contact our bank and through demands and intimidation",5412
3746585,"Money transfer, virtual currency, or money service",Virtual currency,Other transaction problem,,"Block, Inc.",Web,TX,Yes,N/A,high_urgency_language,immediately,I saw the notification on my phone but did not cash out immediately.,"Someone sent me {$25.00} on XX/XX/XXXX through cashapp. I saw the notification on my phone but did not cash out immediately. When I went back a few days later, the money was not there. When I clicked on the transaction, it said it was waiting on the person to complete the payment. The person who sent it stated that they had taken the money out of her account and that on her end, it said they were waiting for me to accept it. She has spoken with them several times and they keep confirming the amount was sent and that I just need to cash out. However, there is nothing there to cash out. I have contacted them myself and have not gotten a response. Ironically, the transaction has now disappeared from my list of transactions.",730
3557230,Debt collection,Payday loan debt,False statements or representation,Indicated you were committing crime by not paying debt,CURO Intermediate Holdings,Web,MO,Yes,N/A,high_urgency_language,ASAP,Do revert us ASAP to stop all legal consequences against your Name and SSN.,"i have not taken any loans out with this company nor have i recieved any bills Speedy cash payday Loan OUTSTANDING AMOUNT- {$920.00} Case # XXXX LOAN COMPANY/LENDER Speedy cash Payday Loan Services XXXX 



Case Consult : Attorney XXXX XXXX. XXXX NY. 

Contact at : mailto : XXXX We are hereby to inform you that you are going to be legally prosecuted in the Court House within couple of days. 

So before something goes wrong we would like to notify you about this matter. It seems apparent that you had chosen to ignore all our efforts to contact you in order to resolve your debt with your Payday Services. At this point you had made your intentions clear and leave us no choice but to protect our interest in this matter. 



UNITED LEGAL INVESTIGATION BUREAU HAS STATED 4 SERIOUS ALLEGATIONS AGAINST YOU AND THEY ARE : ( 1 ) VIOLATION OF FEDERAL BANKING REGULATION ( 2 ) COLLATERAL CHECK FRAUD (",4727
8178604,Credit reporting or other personal consumer reports,Credit reporting,Problem with a company's investigation into an existing problem,Was not notified of investigation status or results,"TRANSUNION INTERMEDIATE HOLDINGS, INC.",Web,FL,Yes,N/A,high_urgency_language,immediately,"In Section 611 ( a ), it is stated that a failure to investigate these items within 30 days gives a reason to immediately remove those items from my credit report.","On XX/XX/2023 I sent a letter regarding inaccurate and unknown things on my credit report. Over 60 days later, I have not received a response yet. I feel like I am being taken advantage of and being ignored in my disputes. In Section 611 ( a ), it is stated that a failure to investigate these items within 30 days gives a reason to immediately remove those items from my credit report. It has been over 60 days so they should be deleted expeditiously. If the accounts are not deleted immediately, I will file for litigation due to the stress you have caused me. My information was also impacted by the XXXX data breach and may have got into the hands of the wrong person.",672
3223151,Mortgage,Conventional home mortgage,Trouble during payment process,,Mr. Cooper Group Inc.,Web,NJ,Yes,N/A,high_urgency_language,immediately,"Cooper on XX/XX/XXXX, immediately following our receipt of the late notice from our township.","At the end of XX/XX/XXXX, we were notified that our Mortgage was assigned to Mr. Cooper, the new Mortgagor. In our notice of assignment, we were guaranteed a smooth transition and were told that we did not need to do anything to facilitate the assignment/transition. The mortgage was transitioned in XXXX. 

Per the terms of our Mortgage Agreement, we pay our Mortgagor certain additional amounts which are to be held in escrow by the Mortgagor in an escrow account, and used by the Mortgagor to pay our homeowners insurance and property taxes. 

We received notice from our township in XX/XX/XXXX that our first quarter property taxes were not timely paid, and that interest and penalties had begun to accrue. Our Mortgage Agreement provides that in addition to being obligated to use the escrowed funds to pay our property taxes, the Mortgagor is responsible for any interest and penalties due in c",6751
8052526,Debt collection,Telecommunications debt,Threatened to contact someone or share information improperly,Contacted you after you asked them to stop,Resurgent Capital Services L.P.,Web,VA,Yes,N/A,high_urgency_language,Immediately,I've asked for removal of the following accounts from consumer profile Immediately XXXX XXXX XXXX LVNV FUNDING XXXX XXXX XXXX XXXX XXXX,"The following companies are in VIOLATION of FCRA 15 USC 6802 Obligations With Respect To Disclosures OF Personal Information. Section A States A finicial Institution may not, directly or through any affiliate, disclose to a non-affiliated third party any nonpublic personal information unless such financial institution provides or has provided to the XXXX a notice that compiles with section 6803 of this title All credit bureaus are in VIOLATION of Sections ( B ), ( 1 ) A, B, & C & FCRA 15 USC 1681 Permissible Purpose was not given. I've asked for removal of the following accounts from consumer profile Immediately XXXX XXXX XXXX LVNV FUNDING XXXX XXXX XXXX XXXX XXXX",672
3482570,"Credit reporting, credit repair services, or other personal consumer reports",Credit reporting,Incorrect information on your report,Information belongs to someone else,Experian Information Solutions Inc.,Web,NJ,Yes,N/A,high_urgency_language,immediately,"I request that you send me the proper proof that what you are reporting is true, or if you can not, to immediately remove it from my credit report.","RE : Account XXXX XXXX  XXXX XXXX Dear Sir/Madame : I am writing to dispute the account referenced above. I have disputed this account information as inaccurate with the credit bureaus XXXX  and Experian, and you have been able to verify this debt. How is this possible? This is not my account! 

I request that you send me the proper proof that what you are reporting is true, or if you can not, to immediately remove it from my credit report. 

In the event that you can not verify the item pursuant to the FCRA, and you continue to list the disputed item on my credit report I will find it necessary to sue you for improper reporting of information to the credit bureaus regarding my credit history, actual defamation damages and declaratory relief under the FCRA. According to this regulation, I may sue you in any qualified state or federal court, including small claims court in my area. You ha",1672
8113626,Credit reporting or other personal consumer reports,Credit reporting,Problem with fraud alerts or security freezes,,"TRANSUNION INTERMEDIATE HOLDINGS, INC.",Web,TX,Yes,N/A,high_urgency_language,ASAP,If you all font fix this issue ASAP.,"have contacted Tranunion over a year now to remove this suppression. This has caused great havoc in my life. Hello I dealt with several agents for months and you all unlawfully have my credit report suppressed. I'm filling a complaint to Consumer Financial Protection Bureau. If you all font fix this issue ASAP. I'm filling a complaint to that CFPB Fair Credit Reporting Act Tags : Consumer Protection Privacy and Security Credit Reporting Mission Consumer Protection Law 15 U.S.C. 1681-1681x Links XXXX XXXX XXXX XXXX XXXX XXXXXXXX ( XXXX KB ) The Act ( Title VI of the Consumer Credit Protection Act ) protects information collected by consumer reporting agencies such as credit bureaus, medical information companies and tenant screening services. Information in a consumer report can not be provided to anyone who does not have a purpose specified in the Act. Companies that provide information ",2393
3300623,"Credit reporting, credit repair services, or other personal consumer reports",Credit reporting,Incorrect information on your report,Information belongs to someone else,"TRANSUNION INTERMEDIATE HOLDINGS, INC.",Web,FL,Yes,N/A,high_urgency_language,AS SOON AS POSSIBLE,I'M ASKING THAT YOU PLEASE RE-INVESTIGATE THE ACCOUNTS AND INQUIRY AND HAVE THEM REMOVED OFF MY CREDIT AS SOON AS POSSIBLE.,I HAVE REVIEWED MY CREDIT REPORT AND FOUND SOME INACCURATE ACCOUNTS AND A ENTRY IDENTIFIED AS INQUIRY THAT WAS PLACED ON MY CREDIT WITHOUT MY KNOWLEDGE. THESE NEGATIVE ACCOUNTS AND INQUIRY HAVE CAUSED A GREAT DEED OF HARDSHIP ON MY CREDIT AND TO MYSELF. IT IS SO UNFAIR TO ME BECAUSE I FEEL LIKE MY WHOLE LIFE HAS BEEN RIPPED APART. I HAVE NO IDEA OF ANYONE WHO WOULD HAVE MY PERSONAL INFORMATION TO BE ABLE TO DO SUCH A THING TO ME. AT TIMES I FEEL LIKE I HAVE NO OTHER CHOICE BUT TO GIVE UP ON EVERYTHING. IT IS SO HARD FOR ME TO ACQUIRE NEW CREDIT WITH MY CREDIT BEING DAMAGED THE WAY IT IS. I'M ASKING THAT YOU PLEASE RE-INVESTIGATE THE ACCOUNTS AND INQUIRY AND HAVE THEM REMOVED OFF MY CREDIT AS SOON AS POSSIBLE. ALSO KEEP IN MIND THAT THE ACCOUNTS AND INQUIRY DOES NOT RELATE TO ANY TRANSACTIONS MADE BY ME.,814
8078908,Credit reporting or other personal consumer reports,Credit reporting,Incorrect information on your report,Information belongs to someone else,Experian Information Solutions Inc.,Web,TX,Yes,N/A,high_urgency_language,as soon as possible,"Since I did not authorize this company to obtain my credit report, I demand that this be deleted as soon as possible and my credit score be adjusted accordingly.","I am sending you this complaint to inform you that this company made an unauthorized inquiry on my personal credit report. I have listed the company 's name below, and the dates the inquiry was made. Since I did not authorize this company to obtain my credit report, I demand that this be deleted as soon as possible and my credit score be adjusted accordingly. In addition, I am requesting a copy of my updated credit report reflecting these changes be sent as soon as possible. 
XXXX DC XX/XX/XXXX XXXX XXXX  XX/XX/XXXX XXXX XX/XX/XXXX XXXX XX/XX/XXXX XXXX XXXX XX/XX/XXXX XXXX OF XXXX XX/XX/XXXX XXXX XX/XX/XXXX XXXX MOT XX/XX/XXXX XXXX MOT XX/XX/XXXX XXXX XX/XX/XXXX XXXX XX/XX/XXXX XXXX CO XX/XX/XXXX XXXX XXXX XX/XX/XXXX XXXX XXXX MO XX/XX/XXXX CXXXX XXXX XXXX XXXX XXXX XXXX XXXX XXXX XXXX XXXX XXXX XXXX XXXX XXXX XXXX XXXX XXXX XXXX XXXX XXXX XXXX XXXX XXXX XX/XX/XXXX XXXX XXXX XXXX XX/XX/X",1357
